x,y,score,inside
-7,-7,0.099138314960011797,0
-6.6500000000000004,-7,0.099138314948434628,0
-6.2999999999999998,-7,0.099138314840928776,0
-5.9500000000000002,-7,0.099138313946808332,0
-5.5999999999999996,-7,0.09913830734480443,0
-5.25,-7,0.099138264226004955,0
-4.9000000000000004,-7,0.099138015582905331,0
-4.5499999999999998,-7,0.099136751134976844,0
-4.2000000000000002,-7,0.099131085935249524,0
-3.8500000000000001,-7,0.099108746349611879,0
-3.5,-7,0.09903130817717784,0
-3.1499999999999999,-7,0.098795700394062339,0
-2.7999999999999998,-7,0.098167789492299803,0
-2.4500000000000002,-7,0.096706050110084485,0
-2.0999999999999996,-7,0.09374549783509549,0
-1.75,-7,0.088559903457279321,0
-1.4000000000000004,-7,0.080780344583837954,0
-1.0499999999999998,-7,0.070952664135973842,0
-0.70000000000000018,-7,0.060853148451853974,0
-0.34999999999999964,-7,0.053130456153960552,0
0,-7,0.050224393263247763,0
0.34999999999999964,-7,0.053130467186191216,0
0.70000000000000018,-7,0.060853167353308722,0
1.0500000000000007,-7,0.070952686549575775,0
1.4000000000000004,-7,0.080780367128707273,0
1.75,-7,0.088559924468470594,0
2.0999999999999996,-7,0.093745516683757829,0
2.4499999999999993,-7,0.096706066302618771,0
2.8000000000000007,-7,0.098167802445495514,0
3.1500000000000004,-7,0.098795709774842561,0
3.5,-7,0.099031314200279372,0
3.8499999999999996,-7,0.099108749699618012,0
4.1999999999999993,-7,0.099131087441280061,0
4.5500000000000007,-7,0.099136751483723209,0
4.9000000000000004,-7,0.099138015218789705,0
5.25,-7,0.099138263406504806,0
5.5999999999999996,-7,0.099138306244911809,0
5.9499999999999993,-7,0.099138312729800573,0
6.3000000000000007,-7,0.099138313669286771,0
6.6500000000000004,-7,0.099138313954716784,0
7,-7,0.099138314215197157,0
-7,-6.6500000000000004,0.099138314958669621,0
-6.6500000000000004,-6.6500000000000004,0.099138314940306477,0
-6.2999999999999998,-6.6500000000000004,0.099138314785604684,0
-5.9500000000000002,-6.6500000000000004,0.099138313551751622,0
-5.5999999999999996,-6.6500000000000004,0.099138304604832139,0
-5.25,-6.6500000000000004,0.099138246641411285,0
-4.9000000000000004,-6.6500000000000004,0.099137913639137321,0
-4.5499999999999998,-6.6500000000000004,0.099136223161913409,0
-4.2000000000000002,-6.6500000000000004,0.099128655551695963,0
-3.8500000000000001,-6.6500000000000004,0.099098826263294151,0
-3.5,-6.6500000000000004,0.098995445870646917,0
-3.1499999999999999,-6.6500000000000004,0.09868093759928212,0
-2.7999999999999998,-6.6500000000000004,0.097842788836365102,0
-2.4500000000000002,-6.6500000000000004,0.095891669179961558,0
-2.0999999999999996,-6.6500000000000004,0.091939983292146504,0
-1.75,-6.6500000000000004,0.085018387826192046,0
-1.4000000000000004,-6.6500000000000004,0.074634460204161493,0
-1.0499999999999998,-6.6500000000000004,0.061516776716770943,0
-0.70000000000000018,-6.6500000000000004,0.048036269220674624,0
-0.34999999999999964,-6.6500000000000004,0.037728281510870314,0
0,-6.6500000000000004,0.033849383659401891,0
0.34999999999999964,-6.6500000000000004,0.037728340003579199,0
0.70000000000000018,-6.6500000000000004,0.048036370096754384,0
1.0500000000000007,-6.6500000000000004,0.0615168980404679,0
1.4000000000000004,-6.6500000000000004,0.07463458522461118,0
1.75,-6.6500000000000004,0.085018508148484329,0
2.0999999999999996,-6.6500000000000004,0.091940094776277806,0
2.4499999999999993,-6.6500000000000004,0.095891767387252899,0
2.8000000000000007,-6.6500000000000004,0.097842868669186206,0
3.1500000000000004,-6.6500000000000004,0.098680995941165223,0
3.5,-6.6500000000000004,0.098995483486160565,0
3.8499999999999996,-6.6500000000000004,0.09909884714471269,0
4.1999999999999993,-6.6500000000000004,0.099128664723402843,0
4.5500000000000007,-6.6500000000000004,0.099136224803514708,0
4.9000000000000004,-6.6500000000000004,0.09913791045090356,0
5.25,-6.6500000000000004,0.099138240218812262,0
5.5999999999999996,-6.6500000000000004,0.099138296120715785,0
5.9499999999999993,-6.6500000000000004,0.099138304195538568,0
6.3000000000000007,-6.6500000000000004,0.099138305784687714,0
6.6500000000000004,-6.6500000000000004,0.099138307307384599,0
7,-6.6500000000000004,0.099138309237758016,0
-7,-6.2999999999999998,0.099138314951631959,0
-6.6500000000000004,-6.2999999999999998,0.099138314910369382,0
-6.2999999999999998,-6.2999999999999998,0.099138314655948939,0
-5.9500000000000002,-6.2999999999999998,0.099138312951464427,0
-5.5999999999999996,-6.2999999999999998,0.099138301589326169,0
-5.25,-6.2999999999999998,0.099138230777881239,0
-4.9000000000000004,-6.2999999999999998,0.099137831178332733,0
-4.5499999999999998,-6.2999999999999998,0.099135819565874209,0
-4.2000000000000002,-6.2999999999999998,0.099126850188235235,0
-3.8500000000000001,-6.2999999999999998,0.099091563020399842,0
-3.5,-6.2999999999999998,0.098969379181518755,0
-3.1499999999999999,-6.2999999999999998,0.098597829365248621,0
-2.7999999999999998,-6.2999999999999998,0.097607874123613658,0
-2.4500000000000002,-6.2999999999999998,0.095303591186633008,0
-2.0999999999999996,-6.2999999999999998,0.090636841403985105,0
-1.75,-6.2999999999999998,0.082462945366391829,0
-1.4000000000000004,-6.2999999999999998,0.070200413986081969,0
-1.0499999999999998,-6.2999999999999998,0.054709635787350171,0
-0.70000000000000018,-6.2999999999999998,0.03879045930008522,0
-0.34999999999999964,-6.2999999999999998,0.026617780903367846,0
0,-6.2999999999999998,0.022037275074686793,0
0.34999999999999964,-6.2999999999999998,0.026618053419201801,0
0.70000000000000018,-6.2999999999999998,0.038790933138502695,0
1.0500000000000007,-6.2999999999999998,0.054710215504559213,0
1.4000000000000004,-6.2999999999999998,0.070201028281807326,0
1.75,-6.2999999999999998,0.082463557549268207,0
2.0999999999999996,-6.2999999999999998,0.090637427490755179,0
2.4499999999999993,-6.2999999999999998,0.095304120012451393,0
2.8000000000000007,-6.2999999999999998,0.097608310434398521,0
3.1500000000000004,-6.2999999999999998,0.098598150887719643,0
3.5,-6.2999999999999998,0.098969587275402893,0
3.8499999999999996,-6.2999999999999998,0.09909167823982748,0
4.1999999999999993,-6.2999999999999998,0.099126899364303453,0
4.5500000000000007,-6.2999999999999998,0.099135825063429842,0
4.9000000000000004,-6.2999999999999998,0.099137807400947506,0
5.25,-6.2999999999999998,0.099138186456611502,0
5.5999999999999996,-6.2999999999999998,0.099138243753640207,0
5.9499999999999993,-6.2999999999999998,0.099138249332625467,0
6.3000000000000007,-6.2999999999999998,0.099138253485082484,0
6.6500000000000004,-6.2999999999999998,0.099138263041359059,0
7,-6.2999999999999998,0.099138276075927387,0
-7,-5.9500000000000002,0.099138314908457495,0
-6.6500000000000004,-5.9500000000000002,0.099138314744636469,0
-6.2999999999999998,-5.9500000000000002,0.09913831405807233,0
-5.9500000000000002,-5.9500000000000002,0.099138310895592122,0
-5.5999999999999996,-5.9500000000000002,0.099138294760115986,0
-5.25,-5.9500000000000002,0.099138208535064401,0
-4.9000000000000004,-5.9500000000000002,0.099137758826310707,0
-4.5499999999999998,-5.9500000000000002,0.099135580554201422,0
-4.2000000000000002,-5.9500000000000002,0.099126047036397658,0
-3.8500000000000001,-5.9500000000000002,0.099088874605531826,0
-3.5,-5.9500000000000002,0.098960714984728262,0
-3.1499999999999999,-5.9500000000000002,0.098571793332573057,0
-2.7999999999999998,-5.9500000000000002,0.097536561657587881,0
-2.4500000000000002,-5.9500000000000002,0.095127990309888985,0
-2.0999999999999996,-5.9500000000000002,0.090251060832821889,0
-1.75,-5.9500000000000002,0.081709860554009528,0
-1.4000000000000004,-5.9500000000000002,0.068896880015952219,0
-1.0499999999999998,-5.9500000000000002,0.052711122508745066,0
-0.70000000000000018,-5.9500000000000002,0.036078015426568216,0
-0.34999999999999964,-5.9500000000000002,0.023359665977405936,0
0,-5.9500000000000002,0.01857413338293859,0
0.34999999999999964,-5.9500000000000002,0.023360779953185945,0
0.70000000000000018,-5.9500000000000002,0.036079972335204963,0
1.0500000000000007,-5.9500000000000002,0.052713566946502956,0
1.4000000000000004,-5.9500000000000002,0.06889955494704765,0
1.75,-5.9500000000000002,0.08171262812825375,0
2.0999999999999996,-5.9500000000000002,0.090253798840087274,0
2.4499999999999993,-5.9500000000000002,0.095130517809005,0
2.8000000000000007,-5.9500000000000002,0.097538675886965437,0
3.1500000000000004,-5.9500000000000002,0.098573363582427437,0
3.5,-5.9500000000000002,0.098961735114105248,0
3.8499999999999996,-5.9500000000000002,0.09908943772557563,0
4.1999999999999993,-5.9500000000000002,0.099126279102645723,0
4.5500000000000007,-5.9500000000000002,0.099135586505476908,0
4.9000000000000004,-5.9500000000000002,0.099137605934680156,0
5.25,-5.9500000000000002,0.099137938991256974,0
5.5999999999999996,-5.9500000000000002,0.099137946275323491,0
5.9499999999999993,-5.9500000000000002,0.099137928279350918,0
6.3000000000000007,-5.9500000000000002,0.099137946292583795,0
6.6500000000000004,-5.9500000000000002,0.099138002916853901,0
7,-5.9500000000000002,0.099138081193093253,0
-7,-5.5999999999999996,0.099138314660179236,0
-6.6500000000000004,-5.5999999999999996,0.099138313828392458,0
-6.2999999999999998,-5.5999999999999996,0.099138310930807216,0
-5.9500000000000002,-5.5999999999999996,0.099138300945159907,0
-5.5999999999999996,-5.5999999999999996,0.099138265258919153,0
-5.25,-5.5999999999999996,0.099138128268022971,0
-4.9000000000000004,-5.5999999999999996,0.099137566236358013,0
-4.5499999999999998,-5.5999999999999996,0.09913521177279859,0
-4.2000000000000002,-5.5999999999999996,0.099125684998696728,0
-3.8500000000000001,-5.5999999999999996,0.099089992860623227,0
-3.5,-5.5999999999999996,0.098969334276426027,0
-3.1499999999999999,-5.5999999999999996,0.098606641424911962,0
-2.7999999999999998,-5.5999999999999996,0.097645585786116179,0
-2.4500000000000002,-5.5999999999999996,0.095414330542328896,0
-2.0999999999999996,-5.5999999999999996,0.090900850022512317,0
-1.75,-5.5999999999999996,0.08299969098314107,0
-1.4000000000000004,-5.5999999999999996,0.071149277362496058,0
-1.0499999999999998,-5.5999999999999996,0.056180978005699128,0
-0.70000000000000018,-5.5999999999999996,0.040799976637315757,0
-0.34999999999999964,-5.5999999999999996,0.02903989018971824,0
0,-5.5999999999999996,0.024616005853899378,0
0.34999999999999964,-5.5999999999999996,0.029043877238141252,0
0.70000000000000018,-5.5999999999999996,0.040807072392754329,0
1.0500000000000007,-5.5999999999999996,0.056190069315334774,0
1.4000000000000004,-5.5999999999999996,0.07115960086400093,0
1.75,-5.5999999999999996,0.083010808015119758,0
2.0999999999999996,-5.5999999999999996,0.090912213164147174,0
2.4499999999999993,-5.5999999999999996,0.095425049324395106,0
2.8000000000000007,-5.5999999999999996,0.097654668412796061,0
3.1500000000000004,-5.5999999999999996,0.098613438977361995,0
3.5,-5.5999999999999996,0.098973768533664644,0
3.8499999999999996,-5.5999999999999996,0.099092433051580192,0
4.1999999999999993,-5.5999999999999996,0.099126649087922472,0
4.5500000000000007,-5.5999999999999996,0.099135129924198109,0
4.9000000000000004,-5.5999999999999996,0.099136712514099931,0
5.25,-5.5999999999999996,0.099136682701986181,0
5.5999999999999996,-5.5999999999999996,0.099136409084739127,0
5.9499999999999993,-5.5999999999999996,0.09913626558151388,0
6.3000000000000007,-5.5999999999999996,0.099136354938976004,0
6.6500000000000004,-5.5999999999999996,0.099136655344318064,0
7,-5.5999999999999996,0.099137071600280513,0
-7,-5.25,0.099138313371892245,0
-6.6500000000000004,-5.25,0.099138309201507263,0
-6.2999999999999998,-5.25,0.099138295691180447,0
-5.9500000000000002,-5.25,0.099138254423052602,0
-5.5999999999999996,-5.25,0.099138132767030165,0
-5.25,-5.25,0.099137777392973914,0
-4.9000000000000004,-5.25,0.099136719104056151,0
-4.5499999999999998,-5.25,0.09913343606871286,0
-4.2000000000000002,-5.25,0.099122851721531846,0
-3.8500000000000001,-5.25,0.099088517149172536,0
-3.5,-5.25,0.098981434270939375,0
-3.1499999999999999,-5.25,0.098672672240284462,0
-2.7999999999999998,-5.25,0.097871088313689125,0
-2.4500000000000002,-5.25,0.096028071403363571,0
-2.0999999999999996,-5.25,0.092316646430657276,0
-1.75,-5.25,0.085832723415875903,0
-1.4000000000000004,-5.25,0.076116798571728317,0
-1.0499999999999998,-5.25,0.063849895134514542,0
-0.70000000000000018,-5.25,0.051248040202736635,0
-0.34999999999999964,-5.25,0.041615484467352706,0
0,-5.25,0.037995260717935388,0
0.34999999999999964,-5.25,0.041627942129226138,0
0.70000000000000018,-5.25,0.051270585764593972,0
1.0500000000000007,-5.25,0.063879697510196634,0
1.4000000000000004,-5.25,0.076152108851295419,0
1.75,-5.25,0.085872393887709897,0
2.0999999999999996,-5.25,0.092358523769824077,0
2.4499999999999993,-5.25,0.096068393717258033,0
2.8000000000000007,-5.25,0.097905680502000367,0
3.1500000000000004,-5.25,0.098698766808090102,0
3.5,-5.25,0.098998541290524919,0
3.8499999999999996,-5.25,0.09909790778355887,0
4.1999999999999993,-5.25,0.099126382090339846,0
4.5500000000000007,-5.25,0.099132637995344303,0
4.9000000000000004,-5.25,0.099132560955568674,0
5.25,-5.25,0.099130937697933894,0
5.5999999999999996,-5.25,0.099129392310539022,0
5.9499999999999993,-5.25,0.099128677483708114,0
6.3000000000000007,-5.25,0.099129092614973463,0
6.6500000000000004,-5.25,0.099130505564019436,0
7,-5.25,0.099132464226815667,0
-7,-4.9000000000000004,0.099138307390454636,0
-6.6500000000000004,-4.9000000000000004,0.099138288160924196,0
-6.2999999999999998,-4.9000000000000004,0.099138228371790718,0
-5.9500000000000002,-4.9000000000000004,0.099138056349511269,0
-5.5999999999999996,-4.9000000000000004,0.099137591012080167,0
-5.25,-4.9000000000000004,0.099136390953207879,0
-4.9000000000000004,-4.9000000000000004,0.09913340824403935,0
-4.5499999999999998,-4.9000000000000004,0.09912617872822635,0
-4.2000000000000002,-4.9000000000000004,0.099108776481189723,0
-3.8500000000000001,-4.9000000000000004,0.099066282189447505,0
-3.5,-4.9000000000000004,0.098960299657606082,0
-3.1499999999999999,-4.9000000000000004,0.098696132561941624,0
-2.7999999999999998,-4.9000000000000004,0.098064371329724509,0
-2.4500000000000002,-4.9000000000000004,0.096671383897567797,0
-2.0999999999999996,-4.9000000000000004,0.093921725063966413,0
-1.75,-4.9000000000000004,0.089161577643080692,0
-1.4000000000000004,-4.9000000000000004,0.082057443452244361,0
-1.0499999999999998,-4.9000000000000004,0.073104571850530056,0
-0.70000000000000018,-4.9000000000000004,0.063916611877100654,0
-0.34999999999999964,-4.9000000000000004,0.056900599395881511,0
0,-4.9000000000000004,0.05427259778813652,0
0.34999999999999964,-4.9000000000000004,0.056934431442178322,0
0.70000000000000018,-4.9000000000000004,0.063979204040090137,0
1.0500000000000007,-4.9000000000000004,0.073190588976410176,0
1.4000000000000004,-4.9000000000000004,0.082164452080207423,0
1.75,-4.9000000000000004,0.089287285355790114,0
2.0999999999999996,-4.9000000000000004,0.094058705333725123,0
2.4499999999999993,-4.9000000000000004,0.096805898576832486,0
2.8000000000000007,-4.9000000000000004,0.098181190808822427,0
3.1500000000000004,-4.9000000000000004,0.098785026028353512,0
3.5,-4.9000000000000004,0.099018959847482518,0
3.8499999999999996,-4.9000000000000004,0.09909845470626942,0
4.1999999999999993,-4.9000000000000004,0.099120208829944711,0
4.5500000000000007,-4.9000000000000004,0.099121566391326354,0
4.9000000000000004,-4.9000000000000004,0.099115691652292642,0
5.25,-4.9000000000000004,0.099107830595204005,0
5.5999999999999996,-4.9000000000000004,0.099101203642492683,0
5.9499999999999993,-4.9000000000000004,0.099098198003606155,0
6.3000000000000007,-4.9000000000000004,0.099099922259373266,0
6.6500000000000004,-4.9000000000000004,0.099105804015457988,0
7,-4.9000000000000004,0.099113958010622505,0
-7,-4.5499999999999998,0.099138282661434776,0
-6.6500000000000004,-4.5499999999999998,0.099138202505589149,0
-6.2999999999999998,-4.5499999999999998,0.099137960492302321,0
-5.9500000000000002,-4.5499999999999998,0.09913729261156709,0
-5.5999999999999996,-4.5499999999999998,0.099135583100270763,0
-5.25,-4.5499999999999998,0.099131469452595905,0
-4.9000000000000004,-4.5499999999999998,0.099122088689197141,0
-4.5499999999999998,-4.5499999999999998,0.09910179626873887,0
-4.2000000000000002,-4.5499999999999998,0.099060217209276949,0
-3.8500000000000001,-4.5499999999999998,0.098979105737036666,0
-3.5,-4.5499999999999998,0.098825578788627438,0
-3.1499999999999999,-4.5499999999999998,0.098535512316733978,0
-2.7999999999999998,-4.5499999999999998,0.097979653952380508,0
-2.4500000000000002,-4.5499999999999998,0.096917564891675106,0
-2.0999999999999996,-4.5499999999999998,0.094978851591979926,0
-1.75,-4.5499999999999998,0.091747641907097985,0
-1.4000000000000004,-4.5499999999999998,0.087007044409046844,0
-1.0499999999999998,-4.5499999999999998,0.081077737745083145,0
-0.70000000000000018,-4.5499999999999998,0.075016106471913133,0
-0.34999999999999964,-4.5499999999999998,0.070403395150838502,0
0,-4.5499999999999998,0.068695552044247807,0
0.34999999999999964,-4.5499999999999998,0.070482709029794408,0
0.70000000000000018,-4.5499999999999998,0.075167289078033911,0
1.0500000000000007,-4.5499999999999998,0.081295962632473684,0
1.4000000000000004,-4.5499999999999998,0.087294198720989466,0
1.75,-4.5499999999999998,0.092101138036342969,0
2.0999999999999996,-4.5499999999999998,0.095376287660045758,0
2.4499999999999993,-4.5499999999999998,0.097315408874842593,0
2.8000000000000007,-4.5499999999999998,0.098329573744831145,0
3.1500000000000004,-4.5499999999999998,0.098804532581373797,0
3.5,-4.5499999999999998,0.099004736424471593,0
3.8499999999999996,-4.5499999999999998,0.099077587718679375,0
4.1999999999999993,-4.5499999999999998,0.099093177607195507,0
4.5500000000000007,-4.5499999999999998,0.09908142413558263,0
4.9000000000000004,-4.5499999999999998,0.099055934274691865,0
5.25,-4.5499999999999998,0.099026199077067487,0
5.5999999999999996,-4.5499999999999998,0.099001653238326215,0
5.9499999999999993,-4.5499999999999998,0.09899056291420559,0
6.3000000000000007,-4.5499999999999998,0.098996911382356265,0
6.6500000000000004,-4.5499999999999998,0.099018574368632706,0
7,-4.5499999999999998,0.099048606275457293,0
-7,-4.2000000000000002,0.099138191998515826,0
-6.6500000000000004,-4.2000000000000002,0.099137891940994732,0
-6.2999999999999998,-4.2000000000000002,0.09913700563357411,0
-5.9500000000000002,-4.2000000000000002,0.099134637350488206,0
-5.5999999999999996,-4.2000000000000002,0.099128836746386229,0
-5.25,-4.2000000000000002,0.099115622166185385,0
-4.9000000000000004,-4.2000000000000002,0.099087293749778343,0
-4.5499999999999998,-4.2000000000000002,0.099029939427664401,0
-4.2000000000000002,-4.2000000000000002,0.098920872987949521,0
-3.8500000000000001,-4.2000000000000002,0.098727968321383627,0
-3.5,-4.2000000000000002,0.098412301184172213,0
-3.1499999999999999,-4.2000000000000002,0.097930294104570853,0
-2.7999999999999998,-4.2000000000000002,0.097224055907516663,0
-2.4500000000000002,-4.2000000000000002,0.096191697005935828,0
-2.0999999999999996,-4.2000000000000002,0.09465676719024807,0
-1.75,-4.2000000000000002,0.092394775447902783,0
-1.4000000000000004,-4.2000000000000002,0.089273154698890023,0
-1.0499999999999998,-4.2000000000000002,0.085473905795359531,0
-0.70000000000000018,-4.2000000000000002,0.081639338110221879,0
-0.34999999999999964,-4.2000000000000002,0.078751103873653083,0
0,-4.2000000000000002,0.077718557395845364,0
0.34999999999999964,-4.2000000000000002,0.078909775374303964,0
0.70000000000000018,-4.2000000000000002,0.081954853174985742,0
1.0500000000000007,-4.2000000000000002,0.085959266782861046,0
1.4000000000000004,-4.2000000000000002,0.0899547132277633,0
1.75,-4.2000000000000002,0.093276025688048922,0
2.0999999999999996,-4.2000000000000002,0.095678834900749091,0
2.4499999999999993,-4.2000000000000002,0.097234717541769031,0
2.8000000000000007,-4.2000000000000002,0.098154294104918952,0
3.1500000000000004,-4.2000000000000002,0.098654708229787016,0
3.5,-4.2000000000000002,0.098901076841654223,0
3.8499999999999996,-4.2000000000000002,0.098998656335663654,0
4.1999999999999993,-4.2000000000000002,0.099006515944149998,0
4.5500000000000007,-4.2000000000000002,0.098956458394154234,0
4.9000000000000004,-4.2000000000000002,0.098870559931990093,0
5.25,-4.2000000000000002,0.098773084630058156,0
5.5999999999999996,-4.2000000000000002,0.098693011334899605,0
5.9499999999999993,-4.2000000000000002,0.09865686817127875,0
6.3000000000000007,-4.2000000000000002,0.098677557072607031,0
6.6500000000000004,-4.2000000000000002,0.098748146229502884,0
7,-4.2000000000000002,0.098846004019087164,0
-7,-3.8500000000000001,0.099137898312284395,0
-6.6500000000000004,-3.8500000000000001,0.099136893757568234,0
-6.2999999999999998,-3.8500000000000001,0.099133974141948009,0
-5.9500000000000002,-3.8500000000000001,0.099126363956038091,0
-5.5999999999999996,-3.8500000000000001,0.09910838083831125,0
-5.25,-3.8500000000000001,0.099069311761804127,0
-4.9000000000000004,-3.8500000000000001,0.098990130263649306,0
-4.5499999999999998,-3.8500000000000001,0.098838963250406267,0
-4.2000000000000002,-3.8500000000000001,0.098567164362054885,0
-3.8500000000000001,-3.8500000000000001,0.098111641711948888,0
-3.5,-3.8500000000000001,0.097410486016315259,0
-3.1499999999999999,-3.8500000000000001,0.096430068259617738,0
-2.7999999999999998,-3.8500000000000001,0.095182550276558378,0
-2.4500000000000002,-3.8500000000000001,0.093703858246464447,0
-2.0999999999999996,-3.8500000000000001,0.091992261937087302,0
-1.75,-3.8500000000000001,0.089968506892906933,0
-1.4000000000000004,-3.8500000000000001,0.087541578550896088,0
-1.0499999999999998,-3.8500000000000001,0.084784223634097752,0
-0.70000000000000018,-3.8500000000000001,0.082083712486559518,0
-0.34999999999999964,-3.8500000000000001,0.080089530733555542,0
0,-3.8500000000000001,0.079425597233118636,0
0.34999999999999964,-3.8500000000000001,0.080354681629713653,0
0.70000000000000018,-3.8500000000000001,0.082646027595352861,0
1.0500000000000007,-3.8500000000000001,0.085726589261585287,0
1.4000000000000004,-3.8500000000000001,0.088969687307001347,0
1.75,-3.8500000000000001,0.091913293693972831,0
2.0999999999999996,-3.8500000000000001,0.094319768138911367,0
2.4499999999999993,-3.8500000000000001,0.096127447177327241,0
2.8000000000000007,-3.8500000000000001,0.09737937687072519,0
3.1500000000000004,-3.8500000000000001,0.098169643752462565,0
3.5,-3.8500000000000001,0.09860621737516527,0
3.8499999999999996,-3.8500000000000001,0.09878398843443878,0
4.1999999999999993,-3.8500000000000001,0.098771589931749088,0
4.5500000000000007,-3.8500000000000001,0.098616918643076742,0
4.9000000000000004,-3.8500000000000001,0.098366773703485996,0
5.25,-3.8500000000000001,0.098085360506582814,0
5.5999999999999996,-3.8500000000000001,0.097854536761624172,0
5.9499999999999993,-3.8500000000000001,0.097750386264627537,0
6.3000000000000007,-3.8500000000000001,0.097810048365397195,0
6.6500000000000004,-3.8500000000000001,0.098013547522868505,0
7,-3.8500000000000001,0.098295650550335165,0
-7,-3.5,0.099137060637856447,0
-6.6500000000000004,-3.5,0.099134062040602156,0
-6.2999999999999998,-3.5,0.099125448437265284,0
-5.9500000000000002,-3.5,0.099103409982145646,0
-5.5999999999999996,-3.5,0.099052783454368756,0
-5.25,-3.5,0.098947121227743545,0
-4.9000000000000004,-3.5,0.098743752002786025,0
-4.5499999999999998,-3.5,0.098377570384997601,0
-4.2000000000000002,-3.5,0.097756102123878391,0
-3.8500000000000001,-3.5,0.096765979359541052,0
-3.5,-3.5,0.095306290833311311,0
-3.1499999999999999,-3.5,0.093350231488065386,0
-2.7999999999999998,-3.5,0.090997654611357393,0
-2.4500000000000002,-3.5,0.088453281953205509,0
-2.0999999999999996,-3.5,0.085907142167768971,0
-1.75,-3.5,0.083403105252137844,0
-1.4000000000000004,-3.5,0.080845368320751787,0
-1.0499999999999998,-3.5,0.078192805855130845,0
-0.70000000000000018,-3.5,0.07568416652098528,0
-0.34999999999999964,-3.5,0.073853098014567659,0
0,-3.5,0.073268526938021883,0
0.34999999999999964,-3.5,0.074206374726179428,0
0.70000000000000018,-3.5,0.076521308303849012,0
1.0500000000000007,-3.5,0.079778766334424892,0
1.4000000000000004,-3.5,0.08347905611958821,0
1.75,-3.5,0.087194467206482718,0
2.0999999999999996,-3.5,0.090595139887429135,0
2.4499999999999993,-3.5,0.093444395865832058,0
2.8000000000000007,-3.5,0.095612582704579646,0
3.1500000000000004,-3.5,0.09708658642778363,0
3.5,-3.5,0.097941890647717925,0
3.8499999999999996,-3.5,0.098286299244175132,0
4.1999999999999993,-3.5,0.098215334720026318,0
4.5500000000000007,-3.5,0.097809585858305806,0
4.9000000000000004,-3.5,0.097169626369891515,0
5.25,-3.5,0.096452137690522785,0
5.5999999999999996,-3.5,0.09586383896581413,0
5.9499999999999993,-3.5,0.095598425915388502,0
6.3000000000000007,-3.5,0.095750670169643545,0
6.6500000000000004,-3.5,0.096269699994165681,0
7,-3.5,0.096989182189413312,0
-7,-3.1499999999999999,0.099134964277027046,0
-6.6500000000000004,-3.1499999999999999,0.099127001637716539,0
-6.2999999999999998,-3.1499999999999999,0.099104318438684544,0
-5.9500000000000002,-3.1499999999999999,0.099047064650786915,0
-5.5999999999999996,-3.1499999999999999,0.098918337894115749,0
-5.25,-3.1499999999999999,0.098658236843974151,0
-4.9000000000000004,-3.1499999999999999,0.098179759498663574,0
-4.5499999999999998,-3.1499999999999999,0.097365654179658534,0
-4.2000000000000002,-3.1499999999999999,0.096066653862489831,0
-3.8500000000000001,-3.1499999999999999,0.094113399362136974,0
-3.5,-3.1499999999999999,0.091368284531208668,0
-3.1499999999999999,-3.1499999999999999,0.087827169111988526,0
-2.7999999999999998,-3.1499999999999999,0.083715363264629417,0
-2.4500000000000002,-3.1499999999999999,0.079462794069242171,0
-2.0999999999999996,-3.1499999999999999,0.075498901426777787,0
-1.75,-3.1499999999999999,0.071992779321615422,0
-1.4000000000000004,-3.1499999999999999,0.068794743509353204,0
-1.0499999999999998,-3.1499999999999999,0.06569875388948794,0
-0.70000000000000018,-3.1499999999999999,0.062813258008196149,0
-0.34999999999999964,-3.1499999999999999,0.060668514126650211,0
0,-3.1499999999999999,0.059931541389959757,0
0.34999999999999964,-3.1499999999999999,0.060995648479129846,0
0.70000000000000018,-3.1499999999999999,0.063804924163490401,0
1.0500000000000007,-3.1499999999999999,0.067983852947288009,0
1.4000000000000004,-3.1499999999999999,0.07304871660986953,0
1.75,-3.1499999999999999,0.078502428652626299,0
2.0999999999999996,-3.1499999999999999,0.083837421797020056,0
2.4499999999999993,-3.1499999999999999,0.088573094989753756,0
2.8000000000000007,-3.1499999999999999,0.092355483141967704,0
3.1500000000000004,-3.1499999999999999,0.095032219996830841,0
3.5,-3.1499999999999999,0.096630940644466229,0
3.8499999999999996,-3.1499999999999999,0.097265963475686001,0
4.1999999999999993,-3.1499999999999999,0.097058277435403961,0
4.5500000000000007,-3.1499999999999999,0.096133261278081111,0
4.9000000000000004,-3.1499999999999999,0.094690814743535093,0
5.25,-3.1499999999999999,0.093074615699847971,0
5.5999999999999996,-3.1499999999999999,0.091748855312197841,0
5.9499999999999993,-3.1499999999999999,0.091150713831572056,0
6.3000000000000007,-3.1499999999999999,0.091494488187524134,0
6.6500000000000004,-3.1499999999999999,0.092665680187870983,0
7,-3.1499999999999999,0.094289106263767908,0
-7,-2.7999999999999998,0.099130379930720228,0
-6.6500000000000004,-2.7999999999999998,0.099111600728042371,0
-6.2999999999999998,-2.7999999999999998,0.099058416783727524,0
-5.9500000000000002,-2.7999999999999998,0.098925475983139347,0
-5.5999999999999996,-2.7999999999999998,0.098631280559780751,0
-5.25,-2.7999999999999998,0.098051547827596355,0
-4.9000000000000004,-2.7999999999999998,0.097024330271399353,0
-4.5499999999999998,-2.7999999999999998,0.095364363272552682,0
-4.2000000000000002,-2.7999999999999998,0.092876880891052727,0
-3.8500000000000001,-2.7999999999999998,0.089374943955738764,0
-3.5,-2.7999999999999998,0.084735789307712805,0
-3.1499999999999999,-2.7999999999999998,0.079027040574674329,0
-2.7999999999999998,-2.7999999999999998,0.072642481046372859,0
-2.4500000000000002,-2.7999999999999998,0.06627830644340113,0
-2.0999999999999996,-2.7999999999999998,0.060635336561643653,0
-1.75,-2.7999999999999998,0.056006455206311347,0
-1.4000000000000004,-2.7999999999999998,0.052136049802845912,0
-1.0499999999999998,-2.7999999999999998,0.048570127483425721,0
-0.70000000000000018,-2.7999999999999998,0.045223845115380634,0
-0.34999999999999964,-2.7999999999999998,0.042621547983905834,0
0,-2.7999999999999998,0.041582289346131271,0
0.34999999999999964,-2.7999999999999998,0.042689054504671593,0
0.70000000000000018,-2.7999999999999998,0.046031417492128197,0
1.0500000000000007,-2.7999999999999998,0.051323172278096817,0
1.4000000000000004,-2.7999999999999998,0.058106411694197065,0
1.75,-2.7999999999999998,0.065805930775298282,0
2.0999999999999996,-2.7999999999999998,0.073704210169808937,0
2.4499999999999993,-2.7999999999999998,0.081018736152626947,0
2.8000000000000007,-2.7999999999999998,0.087094323870078177,0
3.1500000000000004,-2.7999999999999998,0.091556317837469273,0
3.5,-2.7999999999999998,0.094307057142778275,0
3.8499999999999996,-2.7999999999999998,0.095403126478921504,0
4.1999999999999993,-2.7999999999999998,0.094948083866699326,0
4.5500000000000007,-2.7999999999999998,0.093107793795432436,0
4.9000000000000004,-2.7999999999999998,0.090242403254903597,0
5.25,-2.7999999999999998,0.087025993085443898,0
5.5999999999999996,-2.7999999999999998,0.084384449592202232,0
5.9499999999999993,-2.7999999999999998,0.083192440963696879,0
6.3000000000000007,-2.7999999999999998,0.083879371506042771,0
6.6500000000000004,-2.7999999999999998,0.086217516577304809,0
7,-2.7999999999999998,0.089458265777166424,0
-7,-2.4500000000000002,0.099121666269696901,0
-6.6500000000000004,-2.4500000000000002,0.099082377363406388,0
-6.2999999999999998,-2.4500000000000002,0.098971561259890845,0
-5.9500000000000002,-2.4500000000000002,0.098696453461995667,0
-5.5999999999999996,-2.4500000000000002,0.098094564899738432,0
-5.25,-2.4500000000000002,0.096930486479937114,0
-4.9000000000000004,-2.4500000000000002,0.094928003284229123,0
-4.5499999999999998,-2.4500000000000002,0.091831518757920019,0
-4.2000000000000002,-2.4500000000000002,0.087460506196810048,0
-3.8500000000000001,-2.4500000000000002,0.081728650120323376,0
-3.5,-2.4500000000000002,0.074662651614609998,0
-3.1499999999999999,-2.4500000000000002,0.066494600726181935,0
-2.7999999999999998,-2.4500000000000002,0.057804474827009331,0
-2.4500000000000002,-2.4500000000000002,0.049512144109836592,0
-2.0999999999999996,-2.4500000000000002,0.042528871821257232,0
-1.75,-2.4500000000000002,0.037219382554957471,0
-1.4000000000000004,-2.4500000000000002,0.033172481579557059,0
-1.0499999999999998,-2.4500000000000002,0.029618018790618164,0
-0.70000000000000018,-2.4500000000000002,0.026188752333938387,0
-0.34999999999999964,-2.4500000000000002,0.023319181779636086,0
0,-2.4500000000000002,0.021936817676753109,0
0.34999999999999964,-2.4500000000000002,0.022829581570844901,0
0.70000000000000018,-2.4500000000000002,0.026299858132742923,0
1.0500000000000007,-2.4500000000000002,0.032249114603395676,0
1.4000000000000004,-2.4500000000000002,0.040353739385394036,0
1.75,-2.4500000000000002,0.050061237053909982,0
2.0999999999999996,-2.4500000000000002,0.060516415911027986,0
2.4499999999999993,-2.4500000000000002,0.07065349516178307,0
2.8000000000000007,-2.4500000000000002,0.079463893589842474,0
3.1500000000000004,-2.4500000000000002,0.086233588004490241,0
3.5,-2.4500000000000002,0.090588050724556765,0
3.8499999999999996,-2.4500000000000002,0.092380324593898805,0
4.1999999999999993,-2.4500000000000002,0.091592198122283322,0
4.5500000000000007,-2.4500000000000002,0.088397287700261215,0
4.9000000000000004,-2.4500000000000002,0.083382293700602586,0
5.25,-2.4500000000000002,0.077728178387038424,0
5.5999999999999996,-2.4500000000000002,0.073075221516291075,0
5.9499999999999993,-2.4500000000000002,0.07097479575591889,0
6.3000000000000007,-2.4500000000000002,0.072189532301810896,0
6.6500000000000004,-2.4500000000000002,0.076319288150129477,0
7,-2.4500000000000002,0.082042754428013329,0
-7,-2.0999999999999996,0.099107380764954206,0
-6.6500000000000004,-2.0999999999999996,0.099034522462327995,0
-6.2999999999999998,-2.0999999999999996,0.098829599470360463,0
-5.9500000000000002,-2.0999999999999996,0.09832328856588668,0
-5.5999999999999996,-2.0999999999999996,0.097224487169821044,0
-5.25,-2.0999999999999996,0.095128021536951296,0
-4.9000000000000004,-2.0999999999999996,0.091601463089238319,0
-4.5499999999999998,-2.0999999999999996,0.086338942898043586,0
-4.2000000000000002,-2.0999999999999996,0.07929419017379552,0
-3.8500000000000001,-2.0999999999999996,0.070692742953558485,0
-3.5,-2.0999999999999996,0.060937141854929953,0
-3.1499999999999999,-2.0999999999999996,0.050553360330710256,0
-2.7999999999999998,-2.0999999999999996,0.040266837643384082,0
-2.4500000000000002,-2.0999999999999996,0.031036097653230496,0
-2.0999999999999996,-2.0999999999999996,0.023764559987481462,0
-1.75,-2.0999999999999996,0.018748873503850821,0
-1.4000000000000004,-2.0999999999999996,0.015389372086782899,0
-1.0499999999999998,-2.0999999999999996,0.012611137415584367,0
-0.70000000000000018,-2.0999999999999996,0.0097367659724784811,0
-0.34999999999999964,-2.0999999999999996,0.0070187983869858944,0
0,-2.0999999999999996,0.0053830733186466945,0
0.34999999999999964,-2.0999999999999996,0.0057589337260210982,0
0.70000000000000018,-2.0999999999999996,0.0086744613591059894,0
1.0500000000000007,-2.0999999999999996,0.014302086424089214,0
1.4000000000000004,-2.0999999999999996,0.022594997879943957,0
1.75,-2.0999999999999996,0.03321599080120459,0
2.0999999999999996,-2.0999999999999996,0.045381869263899761,0
2.4499999999999993,-2.0999999999999996,0.057900641364323775,0
2.8000000000000007,-2.0999999999999996,0.069442611962815037,0
3.1500000000000004,-2.0999999999999996,0.078841068653049337,0
3.5,-2.0999999999999996,0.085234247835241542,0
3.8499999999999996,-2.0999999999999996,0.088048670214982763,0
4.1999999999999993,-2.0999999999999996,0.086981397894747264,0
4.5500000000000007,-2.0999999999999996,0.082151158632945281,0
4.9000000000000004,-2.0999999999999996,0.074423543821478991,0
5.25,-2.0999999999999996,0.065646692276571425,0
5.5999999999999996,-2.0999999999999996,0.058402192816543151,0
5.9499999999999993,-2.0999999999999996,0.05513007173220897,0
6.3000000000000007,-2.0999999999999996,0.057031204931090568,0
6.6500000000000004,-2.0999999999999996,0.063484618764656414,0
7,-2.0999999999999996,0.072427430947278923,0
-7,-1.75,0.09908742890228224,0
-6.6500000000000004,-1.75,0.098967738229545979,0
-6.2999999999999998,-1.75,0.098631738669052074,0
-5.9500000000000002,-1.75,0.097804289259754415,0
-5.5999999999999996,-1.75,0.096018603923545859,0
-5.25,-1.75,0.092644172609126357,0
-4.9000000000000004,-1.75,0.087059881152534671,0
-4.5499999999999998,-1.75,0.07895124329662323,0
-4.2000000000000002,-1.75,0.068564309175179042,0
-3.8500000000000001,-1.75,0.056698047854302547,0
-3.5,-1.75,0.044399839710248461,0
-3.1499999999999999,-1.75,0.03261978421057829,0
-2.7999999999999998,-1.75,0.022118240503424175,0
-2.4500000000000002,-1.75,0.013573173803306415,0
-2.0999999999999996,-1.75,0.007518458445675405,0
-1.75,-1.75,0.0039675173066146124,0
-1.4000000000000004,-1.75,0.0021361292526973774,0
-1.0499999999999998,-1.75,0.0007785716711426055,0
-0.70000000000000018,-1.75,-0.00098855815254780821,1
-0.34999999999999964,-1.75,-0.0031146604515869397,1
0,-1.75,-0.0047961264132698883,1
0.34999999999999964,-1.75,-0.0051013423703668292,1
0.70000000000000018,-1.75,-0.0033720000049748539,1
1.0500000000000007,-1.75,0.00081550823702296327,0
1.4000000000000004,-1.75,0.0077798870587861557,0
1.75,-1.75,0.017622083536119659,0
2.0999999999999996,-1.75,0.029952304501422208,0
2.4499999999999993,-1.75,0.043754767643682552,0
2.8000000000000007,-1.75,0.057526750480523359,0
3.1500000000000004,-1.75,0.069586198752958295,0
3.5,-1.75,0.078369033548921538,0
3.8499999999999996,-1.75,0.082628275131233803,0
4.1999999999999993,-1.75,0.081597510730913023,0
4.5500000000000007,-1.75,0.07526675144305095,0
4.9000000000000004,-1.75,0.064796218896513783,0
5.25,-1.75,0.052771258099104844,0
5.5999999999999996,-1.75,0.042803601689042708,0
5.9499999999999993,-1.75,0.038297892617849986,0
6.3000000000000007,-1.75,0.04093147391404902,0
6.6500000000000004,-1.75,0.049853642693917594,0
7,-1.75,0.062215706989272992,0
-7,-1.4000000000000004,0.099064219743005374,0
-6.6500000000000004,-1.4000000000000004,0.098890096680926742,0
-6.2999999999999998,-1.4000000000000004,0.098401920800897866,0
-5.9500000000000002,-1.4000000000000004,0.097202358419812077,0
-5.5999999999999996,-1.4000000000000004,0.094623451820245841,0
-5.25,-1.4000000000000004,0.08978209565221705,0
-4.9000000000000004,-1.4000000000000004,0.081861613280914874,0
-4.5499999999999998,-1.4000000000000004,0.070587541830831574,0
-4.2000000000000002,-1.4000000000000004,0.056631063001229401,0
-3.8500000000000001,-1.4000000000000004,0.041569329879078652,0
-3.5,-1.4000000000000004,0.027293536673041519,0
-3.1499999999999999,-1.4000000000000004,0.015248422556611366,0
-2.7999999999999998,-1.4000000000000004,0.0060797449522120989,0
-2.4500000000000002,-1.4000000000000004,-0.00015828525123022519,1
-2.0999999999999996,-1.4000000000000004,-0.0036770309264082118,1
-1.75,-1.4000000000000004,-0.0049536594815184493,1
-1.4000000000000004,-1.4000000000000004,-0.0049021878090971388,1
-1.0499999999999998,-1.4000000000000004,-0.0047051679872207042,1
-0.70000000000000018,-1.4000000000000004,-0.0052225589477308404,1
-0.34999999999999964,-1.4000000000000004,-0.0065193509031791635,1
0,-1.4000000000000004,-0.0079888344261863503,1
0.34999999999999964,-1.4000000000000004,-0.0088707711749083373,1
0.70000000000000018,-1.4000000000000004,-0.0085768499408830079,1
1.0500000000000007,-1.4000000000000004,-0.006588808785222694,1
1.4000000000000004,-1.4000000000000004,-0.0022507283219631163,1
1.75,-1.4000000000000004,0.0051425063872654192,0
2.0999999999999996,-1.4000000000000004,0.0159289796655286,0
2.4499999999999993,-1.4000000000000004,0.029634633511136446,0
2.8000000000000007,-1.4000000000000004,0.044814687108308306,0
3.1500000000000004,-1.4000000000000004,0.059291022502486052,0
3.5,-1.4000000000000004,0.070657981672381312,0
3.8499999999999996,-1.4000000000000004,0.076819785391243178,0
4.1999999999999993,-1.4000000000000004,0.076429279126828925,0
4.5500000000000007,-1.4000000000000004,0.069299590454430959,0
4.9000000000000004,-1.4000000000000004,0.056850582188447185,0
5.25,-1.4000000000000004,0.042320350456058961,0
5.5999999999999996,-1.4000000000000004,0.03020516631836126,0
5.9499999999999993,-1.4000000000000004,0.024722530534913023,0
6.3000000000000007,-1.4000000000000004,0.027952096290669609,0
6.6500000000000004,-1.4000000000000004,0.038865797511480518,0
7,-1.4000000000000004,0.05398436540057909,0
-7,-1.0499999999999998,0.099042808093679047,0
-6.6500000000000004,-1.0499999999999998,0.098818525449197905,0
-6.2999999999999998,-1.0499999999999998,0.098190252011118945,0
-5.9500000000000002,-1.0499999999999998,0.096648616099394929,0
-5.5999999999999996,-1.0499999999999998,0.093342370376422776,0
-5.25,-1.0499999999999998,0.087162086263110755,0
-4.9000000000000004,-1.0499999999999998,0.077127463847758815,0
-4.5499999999999998,-1.0499999999999998,0.063036275360839722,0
-4.2000000000000002,-1.0499999999999998,0.046012318532110588,0
-3.8500000000000001,-1.0499999999999998,0.028429547838800959,0
-3.5,-1.0499999999999998,0.013022151423135273,0
-3.1499999999999999,-1.0499999999999998,0.0016839822578192387,0
-2.7999999999999998,-1.0499999999999998,-0.0051732545502291144,1
-2.4500000000000002,-1.0499999999999998,-0.0083082225182599251,1
-2.0999999999999996,-1.0499999999999998,-0.0088669118561306992,1
-1.75,-1.0499999999999998,-0.0078969208209255237,1
-1.4000000000000004,-1.0499999999999998,-0.0063441367076424865,1
-1.0499999999999998,-1.0499999999999998,-0.0050912025374573039,1
-0.70000000000000018,-1.0499999999999998,-0.0047224746378893012,1
-0.34999999999999964,-1.0499999999999998,-0.005269654819600636,1
0,-1.0499999999999998,-0.0063268134034289436,1
0.34999999999999964,-1.0499999999999998,-0.0074466988482402435,1
0.70000000000000018,-1.0499999999999998,-0.0083399502657716257,1
1.0500000000000007,-1.0499999999999998,-0.0086294677049000984,1
1.4000000000000004,-1.0499999999999998,-0.0074593298730608326,1
1.75,-1.0499999999999998,-0.00347728521587648,1
2.0999999999999996,-1.0499999999999998,0.0045970284761157887,0
2.4499999999999993,-1.0499999999999998,0.017110887437605832,0
2.8000000000000007,-1.0499999999999998,0.032893942261912487,0
3.1500000000000004,-1.0499999999999998,0.049365492084788541,0
3.5,-1.0499999999999998,0.063282539555489389,0
3.8499999999999996,-1.0499999999999998,0.071691335912203114,0
4.1999999999999993,-1.0499999999999998,0.072683421272759507,0
4.5500000000000007,-1.0499999999999998,0.065909409206322031,0
4.9000000000000004,-1.0499999999999998,0.05296828274528205,0
5.25,-1.0499999999999998,0.037502328679720101,0
5.5999999999999996,-1.0499999999999998,0.024501181551858056,0
5.9499999999999993,-1.0499999999999998,0.018608300641547143,0
6.3000000000000007,-1.0499999999999998,0.022114942023155351,0
6.6500000000000004,-1.0499999999999998,0.033926344884490506,0
7,-1.0499999999999998,0.050284499193713243,0
-7,-0.70000000000000018,0.099029256376842914,0
-6.6500000000000004,-0.70000000000000018,0.098773415435285977,0
-6.2999999999999998,-0.70000000000000018,0.098057190924250609,0
-5.9500000000000002,-0.70000000000000018,0.096301218862800478,0
-5.5999999999999996,-0.70000000000000018,0.09254040230378166,0
-5.25,-0.70000000000000018,0.085527047131587181,0
-4.9000000000000004,-0.70000000000000018,0.074188444074408111,0
-4.5499999999999998,-0.70000000000000018,0.058390951476558775,0
-4.2000000000000002,-0.70000000000000018,0.039584672886304739,0
-3.8500000000000001,-0.70000000000000018,0.020701539242573341,0
-3.5,-0.70000000000000018,0.0050540257648933745,0
-3.1499999999999999,-0.70000000000000018,-0.0051877866479751039,1
-2.7999999999999998,-0.70000000000000018,-0.0098619122095099515,1
-2.4500000000000002,-0.70000000000000018,-0.010429557887331076,1
-2.0999999999999996,-0.70000000000000018,-0.008822270209695407,1
-1.75,-0.70000000000000018,-0.00653209287983543,1
-1.4000000000000004,-0.70000000000000018,-0.0044326424825178318,1
-1.0499999999999998,-0.70000000000000018,-0.002993223893311886,1
-0.70000000000000018,-0.70000000000000018,-0.0023920471538396437,1
-0.34999999999999964,-0.70000000000000018,-0.0025126667496586375,1
0,-0.70000000000000018,-0.0031016889600130187,1
0.34999999999999964,-0.70000000000000018,-0.0040782332640379865,1
0.70000000000000018,-0.70000000000000018,-0.0056010969086330159,1
1.0500000000000007,-0.70000000000000018,-0.0076277994770404534,1
1.4000000000000004,-0.70000000000000018,-0.0092666307302315953,1
1.75,-0.70000000000000018,-0.0086009097258109013,1
2.0999999999999996,-0.70000000000000018,-0.0034052212296272755,1
2.4499999999999993,-0.70000000000000018,0.0075478910537413318,0
2.8000000000000007,-0.70000000000000018,0.023452587510795195,0
3.1500000000000004,-0.70000000000000018,0.041445919233968169,0
3.5,-0.70000000000000018,0.057607161996172877,0
3.8499999999999996,-0.70000000000000018,0.06831595307510771,0
4.1999999999999993,-0.70000000000000018,0.0712832709692936,0
4.5500000000000007,-0.70000000000000018,0.066086475565016359,0
4.9000000000000004,-0.70000000000000018,0.054403012245694937,0
5.25,-0.70000000000000018,0.039932225279559336,0
5.5999999999999996,-0.70000000000000018,0.027625053730514854,0
5.9499999999999993,-0.70000000000000018,0.022034055811527287,0
6.3000000000000007,-0.70000000000000018,0.025406317444891954,0
6.6500000000000004,-0.70000000000000018,0.036716496061064509,0
7,-0.70000000000000018,0.052375486818631821,0
-7,-0.34999999999999964,0.099027564156283249,0
-6.6500000000000004,-0.34999999999999964,0.098768717572777498,0
-6.2999999999999998,-0.34999999999999964,0.098044885736131196,0
-5.9500000000000002,-0.34999999999999964,0.096271390781788369,0
-5.5999999999999996,-0.34999999999999964,0.092474818331258465,0
-5.25,-0.34999999999999964,0.085398841839701853,0
-4.9000000000000004,-0.34999999999999964,0.073970890168857661,0
-4.5499999999999998,-0.34999999999999964,0.058082767938399227,0
-4.2000000000000002,-0.34999999999999964,0.039252391075919664,0
-3.8500000000000001,-0.34999999999999964,0.020521017948573153,0
-3.5,-0.34999999999999964,0.0053113715361963743,0
-3.1499999999999999,-0.34999999999999964,-0.0041764342543333111,1
-2.7999999999999998,-0.34999999999999964,-0.0079074620321663708,1
-2.4500000000000002,-0.34999999999999964,-0.0076221697302848862,1
-2.0999999999999996,-0.34999999999999964,-0.0055551328528755939,1
-1.75,-0.34999999999999964,-0.0033369108758042748,1
-1.4000000000000004,-0.34999999999999964,-0.0017110076876649116,1
-1.0499999999999998,-0.34999999999999964,-0.00082189942773047697,1
-0.70000000000000018,-0.34999999999999964,-0.00052442328834173546,1
-0.34999999999999964,-0.34999999999999964,-0.00055461144585512712,1
0,-0.34999999999999964,-0.00075603009136086807,1
0.34999999999999964,-0.34999999999999964,-0.0013674380198505087,1
0.70000000000000018,-0.34999999999999964,-0.0029946699065154514,1
1.0500000000000007,-0.34999999999999964,-0.0059747478097558065,1
1.4000000000000004,-0.34999999999999964,-0.0094700513265554148,1
1.75,-0.34999999999999964,-0.011147774656550744,1
2.0999999999999996,-0.34999999999999964,-0.0080402452632933746,1
2.4499999999999993,-0.34999999999999964,0.0017628227486049391,0
2.8000000000000007,-0.34999999999999964,0.017729767733105639,0
3.1500000000000004,-0.34999999999999964,0.036806527497671784,0
3.5,-0.34999999999999964,0.054655558461899852,0
3.8499999999999996,-0.34999999999999964,0.06732755948657948,0
4.1999999999999993,-0.34999999999999964,0.072445066952157605,0
4.5500000000000007,-0.34999999999999964,0.069651263184107109,0
4.9000000000000004,-0.34999999999999964,0.060613991578800264,0
5.25,-0.34999999999999964,0.048757181100843594,0
5.5999999999999996,-0.34999999999999964,0.038496413847572783,0
5.9499999999999993,-0.34999999999999964,0.033819245783584098,0
6.3000000000000007,-0.34999999999999964,0.03669300436684457,0
6.6500000000000004,-0.34999999999999964,0.046275827824114941,0
7,-0.34999999999999964,0.059537614823777417,0
-7,0,0.099036459605986477,0
-6.6500000000000004,0,0.098802481229273528,0
-6.2999999999999998,0,0.098151346936100781,0
-5.9500000000000002,0,0.096559204437924054,0
-5.5999999999999996,0,0.093151489035229851,0
-5.25,0,0.086792069527528909,0
-4.9000000000000004,0,0.076492101047225841,0
-4.5499999999999998,0,0.062100788816531957,0
-4.2000000000000002,0,0.044900141595873702,0
-3.8500000000000001,0,0.027535369507570906,0
-3.5,0,0.013032515691666899,0
-3.1499999999999999,0,0.0033969860732682433,0
-2.7999999999999998,0,-0.0012314894738128523,1
-2.4500000000000002,0,-0.0022744225046291144,1
-2.0999999999999996,0,-0.0016238353667139133,1
-1.75,0,-0.00068244410223858298,1
-1.4000000000000004,0,-8.6944118469753362e-05,1
-1.0499999999999998,0,7.4059423047306838e-05,0
-0.70000000000000018,0,-4.4881520339379311e-06,1
-0.34999999999999964,0,-3.8391561345885172e-05,1
0,0,5.601262215547409e-05,0
0.34999999999999964,0,-0.00016921344300838137,1
0.70000000000000018,0,-0.0016259934611181359,1
1.0500000000000007,0,-0.0049069412026267883,1
1.4000000000000004,0,-0.009197179704653155,1
1.75,0,-0.011890456652407025,1
2.0999999999999996,0,-0.0095959729623559809,1
2.4499999999999993,0,-8.9383083786948037e-05,1
2.8000000000000007,0,0.016146188990723759,0
3.1500000000000004,0,0.035907185273850825,0
3.5,0,0.054719337801624579,0
3.8499999999999996,0,0.068676085478182741,0
4.1999999999999993,0,0.075614328909045181,0
4.5500000000000007,0,0.075379526588876047,0
4.9000000000000004,0,0.069575028865707544,0
5.25,0,0.061130822048755994,0
5.5999999999999996,0,0.053618345904662065,0
5.9499999999999993,0,0.050175521144305131,0
6.3000000000000007,0,0.052347500227948277,0
6.6500000000000004,0,0.059532139953723993,0
7,0,0.069469133406931602,0
-7,0.34999999999999964,0.099046654079104776,0
-6.6500000000000004,0.34999999999999964,0.098851400088552185,0
-6.2999999999999998,0.34999999999999964,0.098320594532118943,0
-5.9500000000000002,0.34999999999999964,0.097037264057122596,0
-5.5999999999999996,0.34999999999999964,0.094300092398929405,0
-5.25,0.34999999999999964,0.089180168190656134,0
-4.9000000000000004,0.34999999999999964,0.080821387479115533,0
-4.5499999999999998,0.34999999999999964,0.068962712516542221,0
-4.2000000000000002,0.34999999999999964,0.054406253034253151,0
-3.8500000000000001,0.34999999999999964,0.039012951392152918,0
-3.5,0.34999999999999964,0.025041395562836785,0
-3.1499999999999999,0.34999999999999964,0.014176758512053675,0
-2.7999999999999998,0.34999999999999964,0.0069216836929867631,0
-2.4500000000000002,0.34999999999999964,0.0027310282007740883,0
-2.0999999999999996,0.34999999999999964,0.00062715746851368936,0
-1.75,0.34999999999999964,-0.00027472200760784993,1
-1.4000000000000004,0.34999999999999964,-0.00059734136239641966,1
-1.0499999999999998,0.34999999999999964,-0.00071045028342817118,1
-0.70000000000000018,0.34999999999999964,-0.0007136010032833956,1
-0.34999999999999964,0.34999999999999964,-0.00049539666116486802,1
0,0.34999999999999964,-6.0296279881549841e-05,1
0.34999999999999964,0.34999999999999964,5.6609226470050178e-05,0
0.70000000000000018,0.34999999999999964,-0.0011524172886769463,1
1.0500000000000007,0.34999999999999964,-0.0043125736922006302,1
1.4000000000000004,0.34999999999999964,-0.0085211111097762832,1
1.75,0.34999999999999964,-0.011014870183639683,1
2.0999999999999996,0.34999999999999964,-0.0083179498415623943,1
2.4499999999999993,0.34999999999999964,0.0017096864833384962,0
2.8000000000000007,0.34999999999999964,0.018390383240843369,0
3.1500000000000004,0.34999999999999964,0.038399358574132965,0
3.5,0.34999999999999964,0.057371790544946684,0
3.8499999999999996,0.34999999999999964,0.071748280180477575,0
4.1999999999999993,0.34999999999999964,0.079799131407969806,0
4.5500000000000007,0.34999999999999964,0.081653720030625515,0
4.9000000000000004,0.34999999999999964,0.078826222552648428,0
5.25,0.34999999999999964,0.073682330970568727,0
5.5999999999999996,0.34999999999999964,0.068879911875284985,0
5.9499999999999993,0.34999999999999964,0.066658993286684301,0
6.3000000000000007,0.34999999999999964,0.068117352702122311,0
6.6500000000000004,0.34999999999999964,0.072884668218495999,0
7,0.34999999999999964,0.079472460043684648,0
-7,0.70000000000000018,0.09903669568983603,0
-6.6500000000000004,0.70000000000000018,0.098866031410913283,0
-6.2999999999999998,0.70000000000000018,0.098443759401679723,0
-5.9500000000000002,0.70000000000000018,0.097476271144590107,0
-5.5999999999999996,0.70000000000000018,0.095463348793755454,0
-5.25,0.70000000000000018,0.091713953785607413,0
-4.9000000000000004,0.70000000000000018,0.085515241259465996,0
-4.5499999999999998,0.70000000000000018,0.076453941363947314,0
-4.2000000000000002,0.70000000000000018,0.064736595812827952,0
-3.8500000000000001,0.70000000000000018,0.051270888543524656,0
-3.5,0.70000000000000018,0.037403484686203949,0
-3.1499999999999999,0.70000000000000018,0.024487020574965615,0
-2.7999999999999998,0.70000000000000018,0.013571114649358854,0
-2.4500000000000002,0.70000000000000018,0.0053177643473199532,0
-2.0999999999999996,0.70000000000000018,-1.8458965585207987e-05,1
-1.75,0.70000000000000018,-0.0026698576619104547,1
-1.4000000000000004,0.70000000000000018,-0.0033532372106373776,1
-1.0499999999999998,0.70000000000000018,-0.0029844447226765464,1
-0.70000000000000018,0.70000000000000018,-0.0022291916316025256,1
-0.34999999999999964,0.70000000000000018,-0.0013175036602790374,1
0,0.70000000000000018,-0.00036963026855563186,1
0.34999999999999964,0.70000000000000018,0.00010244258759914415,0
0.70000000000000018,0.70000000000000018,-0.00079050603462556268,1
1.0500000000000007,0.70000000000000018,-0.0034810173509294551,1
1.4000000000000004,0.70000000000000018,-0.006884970901031004,1
1.75,0.70000000000000018,-0.008218696365381209,1
2.0999999999999996,0.70000000000000018,-0.00424111210342,1
2.4499999999999993,0.70000000000000018,0.0067790954415531818,0
2.8000000000000007,0.70000000000000018,0.023821524871861788,0
3.1500000000000004,0.70000000000000018,0.043519723317880225,0
3.5,0.70000000000000018,0.061831173534344974,0
3.8499999999999996,0.70000000000000018,0.075742875801668469,0
4.1999999999999993,0.70000000000000018,0.084054219445194131,0
4.5500000000000007,0.70000000000000018,0.087180894970277867,0
4.9000000000000004,0.70000000000000018,0.08653374491406321,0
5.25,0.70000000000000018,0.083957123564351421,0
5.5999999999999996,0.70000000000000018,0.081309888372486816,0
5.9499999999999993,0.70000000000000018,0.080065484008246229,0
6.3000000000000007,0.70000000000000018,0.080938916350812212,0
6.6500000000000004,0.70000000000000018,0.083740088344525468,0
7,0.70000000000000018,0.087605038323831541,0
-7,1.0500000000000007,0.098963677708298461,0
-6.6500000000000004,1.0500000000000007,0.098757374217121441,0
-6.2999999999999998,1.0500000000000007,0.098348944145361966,0
-5.9500000000000002,1.0500000000000007,0.097562292715066598,0
-5.5999999999999996,1.0500000000000007,0.096094349881545457,0
-5.25,1.0500000000000007,0.093487187444689271,0
-4.9000000000000004,1.0500000000000007,0.089165592653366516,0
-4.5499999999999998,1.0500000000000007,0.082565083238271872,0
-4.2000000000000002,1.0500000000000007,0.07331643037677138,0
-3.8500000000000001,1.0500000000000007,0.061417642751156652,0
-3.5,1.0500000000000007,0.047360282952103733,0
-3.1499999999999999,1.0500000000000007,0.032215565290268991,0
-2.7999999999999998,1.0500000000000007,0.017614227569407725,0
-2.4500000000000002,1.0500000000000007,0.0054433599727444354,0
-2.0999999999999996,1.0500000000000007,-0.0028085020218572704,1
-1.75,1.0500000000000007,-0.0067462652779252119,1
-1.4000000000000004,1.0500000000000007,-0.0072444512404358091,1
-1.0499999999999998,1.0500000000000007,-0.0058627813881617225,1
-0.70000000000000018,1.0500000000000007,-0.003939635434259417,1
-0.34999999999999964,1.0500000000000007,-0.0021206294010379795,1
0,1.0500000000000007,-0.00063450544389934138,1
0.34999999999999964,1.0500000000000007,0.00015197783960901878,0
0.70000000000000018,1.0500000000000007,-0.00032458393107542838,1
1.0500000000000007,1.0500000000000007,-0.0021284503441777181,1
1.4000000000000004,1.0500000000000007,-0.0039931776503718264,1
1.75,1.0500000000000007,-0.003334749292764741,1
2.0999999999999996,1.0500000000000007,0.0025263893443448204,0
2.4499999999999993,1.0500000000000007,0.014677510755831943,0
2.8000000000000007,1.0500000000000007,0.031736939952739782,0
3.1500000000000004,1.0500000000000007,0.050460762371114978,0
3.5,1.0500000000000007,0.067333292954004531,0
3.8499999999999996,1.0500000000000007,0.080003929716902608,0
4.1999999999999993,1.0500000000000007,0.087796286861019646,0
4.5500000000000007,1.0500000000000007,0.091349610975292331,0
4.9000000000000004,1.0500000000000007,0.091951211409498801,0
5.25,1.0500000000000007,0.091015552348534562,0
5.5999999999999996,1.0500000000000007,0.089796063096807183,0
5.9499999999999993,1.0500000000000007,0.08920577292917288,0
6.3000000000000007,1.0500000000000007,0.089679362036964305,0
6.6500000000000004,1.0500000000000007,0.091141336317508731,0
7,1.0500000000000007,0.093150801720699838,0
-7,1.4000000000000004,0.098747856197196587,0
-6.6500000000000004,1.4000000000000004,0.098370364134034272,0
-6.2999999999999998,1.4000000000000004,0.097764552500285234,0
-5.9500000000000002,1.4000000000000004,0.096862514598231794,0
-5.5999999999999996,1.4000000000000004,0.095557688045084341,0
-5.25,1.4000000000000004,0.093630547824035945,0
-4.9000000000000004,1.4000000000000004,0.090659661473905112,0
-4.5499999999999998,1.4000000000000004,0.085978990175527487,0
-4.2000000000000002,1.4000000000000004,0.078754891213722478,0
-3.8500000000000001,1.4000000000000004,0.068244091490866812,0
-3.5,1.4000000000000004,0.05424084520428863,0
-3.1499999999999999,1.4000000000000004,0.037576752842257144,0
-2.7999999999999998,1.4000000000000004,0.02032639471602439,0
-2.4500000000000002,1.4000000000000004,0.0053312828523887079,0
-2.0999999999999996,1.4000000000000004,-0.0049555096943358773,1
-1.75,1.4000000000000004,-0.0096552597376543953,1
-1.4000000000000004,1.4000000000000004,-0.0097938134267275129,1
-1.0499999999999998,1.4000000000000004,-0.0074925357862718478,1
-0.70000000000000018,1.4000000000000004,-0.0046921474046997397,1
-0.34999999999999964,1.4000000000000004,-0.002410468551723513,1
0,1.4000000000000004,-0.00090489826423185982,1
0.34999999999999964,1.4000000000000004,-0.00022173819821902363,1
0.70000000000000018,1.4000000000000004,-0.00036886565567607887,1
1.0500000000000007,1.4000000000000004,-0.00090457931063835095,1
1.4000000000000004,1.4000000000000004,-0.00047264616628782397,1
1.75,1.4000000000000004,0.0029976157924747615,0
2.0999999999999996,1.4000000000000004,0.0112667885787434,0
2.4499999999999993,1.4000000000000004,0.024588722787779405,0
2.8000000000000007,1.4000000000000004,0.041279351301513778,0
3.1500000000000004,1.4000000000000004,0.058429073988679782,0
3.5,1.4000000000000004,0.07324417686548701,0
3.8499999999999996,1.4000000000000004,0.084105329847993335,0
4.1999999999999993,1.4000000000000004,0.09080861260765169,0
4.5500000000000007,1.4000000000000004,0.094130318417964154,0
4.9000000000000004,1.4000000000000004,0.09521019899746247,0
5.25,1.4000000000000004,0.09512369379688991,0
5.5999999999999996,1.4000000000000004,0.094703700672594329,0
5.9499999999999993,1.4000000000000004,0.094494939995009519,0
6.3000000000000007,1.4000000000000004,0.0947464519722864,0
6.6500000000000004,1.4000000000000004,0.095439221180350656,0
7,1.4000000000000004,0.096375320846097901,0
-7,1.75,0.098260565817021361,0
-6.6500000000000004,1.75,0.097461055842525249,0
-6.2999999999999998,1.75,0.096281206016159609,0
-5.9500000000000002,1.75,0.094768948782715676,0
-5.5999999999999996,1.75,0.093055183349743026,0
-5.25,1.75,0.091221954393815377,0
-4.9000000000000004,1.75,0.089074386098257324,0
-4.5499999999999998,1.75,0.085935649295904304,0
-4.2000000000000002,1.75,0.080642903398121787,0
-3.8500000000000001,1.75,0.07189060740998568,0
-3.5,1.75,0.058922378505904829,0
-3.1499999999999999,1.75,0.042312078262272665,0
-2.7999999999999998,1.75,0.024310297861018182,0
-2.4500000000000002,1.75,0.0082618067119340499,0
-2.0999999999999996,1.75,-0.0028450037462339761,1
-1.75,1.75,-0.0078545162197376367,1
-1.4000000000000004,1.75,-0.0078827981286277299,1
-1.0499999999999998,1.75,-0.0054065067396763256,1
-0.70000000000000018,1.75,-0.0027733009572380452,1
-0.34999999999999964,1.75,-0.0012361826107504248,1
0,1.75,-0.00093173284393378852,1
0.34999999999999964,1.75,-0.0013563408976806635,1
0.70000000000000018,1.75,-0.001705523766169878,1
1.0500000000000007,1.75,-0.00090435451948371604,1
1.4000000000000004,1.75,0.0023700463493466217,0
1.75,1.75,0.0093448813788847285,0
2.0999999999999996,1.75,0.020516915468098862,0
2.4499999999999993,1.75,0.035138199701876996,0
2.8000000000000007,1.75,0.051277315595698834,0
3.1500000000000004,1.75,0.066530864568416476,0
3.5,1.75,0.078967141862018947,0
3.8499999999999996,1.75,0.087729293348627654,0
4.1999999999999993,1.75,0.093030795466267607,0
4.5500000000000007,1.75,0.095719000473057383,0
4.9000000000000004,1.75,0.096777787385208341,0
5.25,1.75,0.097019863509963916,0
5.5999999999999996,1.75,0.096994474472118855,0
5.9499999999999993,1.75,0.097012089310151456,0
6.3000000000000007,1.75,0.097197559771172462,0
6.6500000000000004,1.75,0.097543393482502877,0
7,1.75,0.097967543082178379,0
-7,2.0999999999999996,0.097338908625156678,0
-6.6500000000000004,2.0999999999999996,0.095722846386652058,0
-6.2999999999999998,2.0999999999999996,0.093390906005617794,0
-5.9500000000000002,2.0999999999999996,0.090543769652869366,0
-5.5999999999999996,2.0999999999999996,0.08765513166669274,0
-5.25,2.0999999999999996,0.085256181563820088,0
-4.9000000000000004,2.0999999999999996,0.083521740720768872,0
-4.5499999999999998,2.0999999999999996,0.081876285592685838,0
-4.2000000000000002,2.0999999999999996,0.078922812257949157,0
-3.8500000000000001,2.0999999999999996,0.072889950718057497,0
-3.5,2.0999999999999996,0.06252845090497311,0
-3.1499999999999999,2.0999999999999996,0.048067945414477821,0
-2.7999999999999998,2.0999999999999996,0.031623062915211692,0
-2.4500000000000002,2.0999999999999996,0.016560838833465874,0
-2.0999999999999996,2.0999999999999996,0.0059561939316069568,0
-1.75,2.0999999999999996,0.001033353382877189,0
-1.4000000000000004,2.0999999999999996,0.00067100219210890211,0
-1.0499999999999998,2.0999999999999996,0.0022879812681812634,0
-0.70000000000000018,2.0999999999999996,0.0033755970481493119,0
-0.34999999999999964,2.0999999999999996,0.0026234096651727851,0
0,2.0999999999999996,0.00018081872906393348,0
0.34999999999999964,2.0999999999999996,-0.0026894803982354942,1
0.70000000000000018,2.0999999999999996,-0.0041601205804984304,1
1.0500000000000007,2.0999999999999996,-0.0024256419458388578,1
1.4000000000000004,2.0999999999999996,0.0037175359396881963,0
1.75,2.0999999999999996,0.014435863319919556,0
2.0999999999999996,2.0999999999999996,0.028748842586878195,0
2.4499999999999993,2.0999999999999996,0.044804720096096685,0
2.8000000000000007,2.0999999999999996,0.060439696365200142,0
3.1500000000000004,2.0999999999999996,0.0738137311950193,0
3.5,2.0999999999999996,0.083881388689395153,0
3.8499999999999996,2.0999999999999996,0.090521227913162569,0
4.1999999999999993,2.0999999999999996,0.094319043789944268,0
4.5500000000000007,2.0999999999999996,0.096174401306721211,0
4.9000000000000004,2.0999999999999996,0.096945399789800282,0
5.25,2.0999999999999996,0.097254814126384329,0
5.5999999999999996,2.0999999999999996,0.097456448354824338,0
5.9499999999999993,2.0999999999999996,0.097694085152369783,0
6.3000000000000007,2.0999999999999996,0.097985634529006674,0
6.6500000000000004,2.0999999999999996,0.098294268645166383,0
7,2.0999999999999996,0.098574740037836034,0
-7,2.4499999999999993,0.095853289088359328,0
-6.6500000000000004,2.4499999999999993,0.092912643473199025,0
-6.2999999999999998,2.4499999999999993,0.088693264113066717,0
-5.9500000000000002,2.4499999999999993,0.083611397542655258,0
-5.5999999999999996,2.4499999999999993,0.078643512693534867,0
-5.25,2.4499999999999993,0.07498615730332818,0
-4.9000000000000004,2.4499999999999993,0.073376268259477337,0
-4.5499999999999998,2.4499999999999993,0.073445450485282976,0
-4.2000000000000002,2.4499999999999993,0.073581626381658188,0
-3.8500000000000001,2.4499999999999993,0.071523212160487862,0
-3.5,2.4499999999999993,0.065477038401084708,0
-3.1499999999999999,2.4499999999999993,0.055202898374109396,0
-2.7999999999999998,2.4499999999999993,0.042419314790990835,0
-2.4500000000000002,2.4499999999999993,0.030146483057926873,0
-2.0999999999999996,2.4499999999999993,0.021207075333617501,0
-1.75,2.4499999999999993,0.016744891384889729,0
-1.4000000000000004,2.4499999999999993,0.015722625526552569,0
-1.0499999999999998,2.4499999999999993,0.015687326543890073,0
-0.70000000000000018,2.4499999999999993,0.014203622495960896,0
-0.34999999999999964,2.4499999999999993,0.010065506763512574,0
0,2.4499999999999993,0.0038085095580879524,0
0.34999999999999964,2.4499999999999993,-0.0024785328090673187,1
0.70000000000000018,2.4499999999999993,-0.0059124353997717372,1
1.0500000000000007,2.4499999999999993,-0.0039663633143204452,1
1.4000000000000004,2.4499999999999993,0.0044172736906634702,0
1.75,2.4499999999999993,0.018346333334733955,0
2.0999999999999996,2.4499999999999993,0.035411819658072968,0
2.4499999999999993,2.4499999999999993,0.052716761823412964,0
2.8000000000000007,2.4499999999999993,0.067873180738106109,0
3.1500000000000004,2.4499999999999993,0.079533708060899516,0
3.5,2.4499999999999993,0.087418177985319354,0
3.8499999999999996,2.4499999999999993,0.092032275286921206,0
4.1999999999999993,2.4499999999999993,0.094291172131819881,0
4.5500000000000007,2.4499999999999993,0.095180942223377252,0
4.9000000000000004,2.4499999999999993,0.095517042841547384,0
5.25,2.4499999999999993,0.095818453470572246,0
5.5999999999999996,2.4499999999999993,0.096295492012620706,0
5.9499999999999993,2.4499999999999993,0.096928961120280058,0
6.3000000000000007,2.4499999999999993,0.097593533825736142,0
6.6500000000000004,2.4499999999999993,0.098167280349784461,0
7,2.4499999999999993,0.09858824917644296,0
-7,2.8000000000000007,0.093825046277996232,0
-6.6500000000000004,2.8000000000000007,0.089072680649333769,0
-6.2999999999999998,2.8000000000000007,0.082264297295951028,0
-5.9500000000000002,2.8000000000000007,0.074097757514527046,0
-5.5999999999999996,2.8000000000000007,0.066214346180832787,0
-5.25,2.8000000000000007,0.060690568038304415,0
-4.9000000000000004,2.8000000000000007,0.05900566804478722,0
-4.5499999999999998,2.8000000000000007,0.061069968571853053,0
-4.2000000000000002,2.8000000000000007,0.065011405316148116,0
-3.8500000000000001,2.8000000000000007,0.067971335515039449,0
-3.5,2.8000000000000007,0.067500575128092655,0
-3.1499999999999999,2.8000000000000007,0.062777836600172207,0
-2.7999999999999998,2.8000000000000007,0.054984006784502097,0
-2.4500000000000002,2.8000000000000007,0.046615067520949648,0
-2.0999999999999996,2.8000000000000007,0.040085152819430252,0
-1.75,2.8000000000000007,0.036405312681605378,0
-1.4000000000000004,2.8000000000000007,0.03470953388922951,0
-1.0499999999999998,2.8000000000000007,0.032855605824503711,0
-0.70000000000000018,2.8000000000000007,0.02866852669349694,0
-0.34999999999999964,2.8000000000000007,0.021154217355101188,0
0,2.8000000000000007,0.011210893312687542,0
0.34999999999999964,2.8000000000000007,0.001591668332898602,0
0.70000000000000018,2.8000000000000007,-0.0040053456719617714,1
1.0500000000000007,2.8000000000000007,-0.0025196392671122114,1
1.4000000000000004,2.8000000000000007,0.0069674050373777774,0
1.75,2.8000000000000007,0.022746712105728054,0
2.0999999999999996,2.8000000000000007,0.041341509648261804,0
2.4499999999999993,2.8000000000000007,0.059090482246266639,0
2.8000000000000007,2.8000000000000007,0.073442092493904848,0
3.1500000000000004,2.8000000000000007,0.08338814620086013,0
3.5,2.8000000000000007,0.089171349005365497,0
3.8499999999999996,2.8000000000000007,0.091739376949527954,0
4.1999999999999993,2.8000000000000007,0.092291071645386885,0
4.5500000000000007,2.8000000000000007,0.091984183471273795,0
4.9000000000000004,2.8000000000000007,0.091733759407849585,0
5.25,2.8000000000000007,0.092065759816031961,0
5.5999999999999996,2.8000000000000007,0.093071247326976012,0
5.9499999999999993,2.8000000000000007,0.094506596116995897,0
6.3000000000000007,2.8000000000000007,0.09600008880248441,0
6.6500000000000004,2.8000000000000007,0.097252001399721219,0
7,2.8000000000000007,0.098131962041652754,0
-7,3.1500000000000004,0.091532950134258995,0
-6.6500000000000004,3.1500000000000004,0.084732034664844968,0
-6.2999999999999998,3.1500000000000004,0.074993586943337881,0
-5.9500000000000002,3.1500000000000004,0.063328971806770454,0
-5.5999999999999996,3.1500000000000004,0.052121927379429042,0
-5.25,3.1500000000000004,0.044429521845879241,0
-4.9000000000000004,3.1500000000000004,0.04255173355446408,0
-4.5499999999999998,3.1500000000000004,0.046694635963898438,0
-4.2000000000000002,3.1500000000000004,0.054677648303815746,0
-3.8500000000000001,3.1500000000000004,0.062964464454179289,0
-3.5,3.1500000000000004,0.068380969780611409,0
-3.1499999999999999,3.1500000000000004,0.069490067303825315,0
-2.7999999999999998,3.1500000000000004,0.066928129335275061,0
-2.4500000000000002,3.1500000000000004,0.062671307959766429,0
-2.0999999999999996,3.1500000000000004,0.058736861304237324,0
-1.75,3.1500000000000004,0.056036771779403138,0
-1.4000000000000004,3.1500000000000004,0.053951991354182542,0
-1.0499999999999998,3.1500000000000004,0.050770550826672305,0
-0.70000000000000018,3.1500000000000004,0.04470219791271602,0
-0.34999999999999964,3.1500000000000004,0.035006743886766029,0
0,3.1500000000000004,0.022800959604791449,0
0.34999999999999964,3.1500000000000004,0.01113346511869516,0
0.70000000000000018,3.1500000000000004,0.0040328430587105307,0
1.0500000000000007,3.1500000000000004,0.0047372838597350836,0
1.4000000000000004,3.1500000000000004,0.01403072070784904,0
1.75,3.1500000000000004,0.029787724244143721,0
2.0999999999999996,3.1500000000000004,0.04805037863893067,0
2.4499999999999993,3.1500000000000004,0.064852699229406618,0
2.8000000000000007,3.1500000000000004,0.077611810314570984,0
3.1500000000000004,3.1500000000000004,0.085483976215847815,0
3.5,3.1500000000000004,0.088935607706168915,0
3.8499999999999996,3.1500000000000004,0.089134395397541352,0
4.1999999999999993,3.1500000000000004,0.08752702312276002,0
4.5500000000000007,3.1500000000000004,0.085577604778409505,0
4.9000000000000004,3.1500000000000004,0.084500171898512735,0
5.25,3.1500000000000004,0.084965290954573655,0
5.5999999999999996,3.1500000000000004,0.086944722761235882,0
5.9499999999999993,3.1500000000000004,0.089843377743061184,0
6.3000000000000007,3.1500000000000004,0.092865895969996198,0
6.6500000000000004,3.1500000000000004,0.095391989829136978,0
7,3.1500000000000004,0.097157855814892211,0
-7,3.5,0.08950646989701827,0
-6.6500000000000004,3.5,0.080894082108188159,0
-6.2999999999999998,3.5,0.068563921090300156,0
-5.9500000000000002,3.5,0.053803113562200834,0
-5.5999999999999996,3.5,0.039649002921453479,0
-5.25,3.5,0.030020729493302006,0
-4.9000000000000004,3.5,0.027936559256736465,0
-4.5499999999999998,3.5,0.033854528422825617,0
-4.2000000000000002,3.5,0.045311352621360435,0
-3.8500000000000001,3.5,0.058165189620938952,0
-3.5,3.5,0.068604135201693006,0
-3.1499999999999999,3.5,0.074665009747458405,0
-2.7999999999999998,3.5,0.076537557103427828,0
-2.4500000000000002,3.5,0.07578398871665977,0
-2.0999999999999996,3.5,0.074119561534740391,0
-1.75,3.5,0.072421547700438099,0
-1.4000000000000004,3.5,0.070359753776226289,0
-1.0499999999999998,3.5,0.066701365908923449,0
-0.70000000000000018,3.5,0.06009681138170922,0
-0.34999999999999964,3.5,0.05004756045092755,0
0,3.5,0.037687627848269664,0
0.34999999999999964,3.5,0.025917344161239211,0
0.70000000000000018,3.5,0.018530457118611995,0
1.0500000000000007,3.5,0.018529200365180978,0
1.4000000000000004,3.5,0.026550790809907784,0
1.75,3.5,0.040472856916682835,0
2.0999999999999996,3.5,0.056477166412346992,0
2.4499999999999993,3.5,0.070786320125587471,0
2.8000000000000007,3.5,0.080945684758702632,0
3.1500000000000004,3.5,0.086123089715740148,0
3.5,3.5,0.086728592027271734,0
3.8499999999999996,3.5,0.08394930450813487,0
4.1999999999999993,3.5,0.07947349057051703,0
4.5500000000000007,3.5,0.075244386680982406,0
4.9000000000000004,3.5,0.073009887268571549,0
5.25,3.5,0.073737273174736884,0
5.5999999999999996,3.5,0.077260489509246813,0
5.9499999999999993,3.5,0.082460287111827041,0
6.3000000000000007,3.5,0.087888372278202287,0
6.6500000000000004,3.5,0.092424224199987748,0
7,3.5,0.095593042137097142,0
-7,3.8499999999999996,0.088346205814147649,0
-6.6500000000000004,3.8499999999999996,0.078696639170624361,0
-6.2999999999999998,3.8499999999999996,0.064882573049917819,0
-5.9500000000000002,3.8499999999999996,0.048349212974979371,0
-5.5999999999999996,3.8499999999999996,0.032508996852100083,0
-5.25,3.8499999999999996,0.021777457456501476,0
-4.9000000000000004,3.8499999999999996,0.019591219144961883,0
-4.5499999999999998,3.8499999999999996,0.026566973132196942,0
-4.2000000000000002,3.8499999999999996,0.040102701572080686,0
-3.8500000000000001,3.8499999999999996,0.055737635936126934,0
-3.5,3.8499999999999996,0.069314576863495958,0
-3.1499999999999999,3.8499999999999996,0.078563549363758006,0
-2.7999999999999998,3.8499999999999996,0.083377551418442691,0
-2.4500000000000002,3.8499999999999996,0.085018171052070282,0
-2.0999999999999996,3.8499999999999996,0.08498077136220851,0
-1.75,3.8499999999999996,0.084140638914820029,0
-1.4000000000000004,3.8499999999999996,0.08244236300797167,0
-1.0499999999999998,3.8499999999999996,0.079108038822545537,0
-0.70000000000000018,3.8499999999999996,0.073217172708402972,0
-0.34999999999999964,3.8499999999999996,0.064468096054646581,0
0,3.8499999999999996,0.053837215058081998,0
0.34999999999999964,3.8499999999999996,0.043722514165088738,0
0.70000000000000018,3.8499999999999996,0.037239718624126457,0
1.0500000000000007,3.8499999999999996,0.036831908908663162,0
1.4000000000000004,3.8499999999999996,0.042973890756794371,0
1.75,3.8499999999999996,0.053855581422875817,0
2.0999999999999996,3.8499999999999996,0.066256862346574075,0
2.4499999999999993,3.8499999999999996,0.07695212347626243,0
2.8000000000000007,3.8499999999999996,0.08373269798018923,0
3.1500000000000004,3.8499999999999996,0.085667796469315979,0
3.5,3.8499999999999996,0.082911523346132956,0
3.8499999999999996,3.8499999999999996,0.076537376828566733,0
4.1999999999999993,3.8499999999999996,0.068497467181977079,0
4.5500000000000007,3.8499999999999996,0.061379027668973726,0
4.9000000000000004,3.8499999999999996,0.057673842380479262,0
5.25,3.8499999999999996,0.058777350955371337,0
5.5999999999999996,3.8499999999999996,0.064362848094532882,0
5.9499999999999993,3.8499999999999996,0.072626008889909235,0
6.3000000000000007,3.8499999999999996,0.081255310664353236,0
6.6500000000000004,3.8499999999999996,0.088466467169721244,0
7,3.8499999999999996,0.093503989578232791,0
-7,4.1999999999999993,0.088440263668450633,0
-6.6500000000000004,4.1999999999999993,0.07887491347261133,0
-6.2999999999999998,4.1999999999999993,0.065181842929695227,0
-5.9500000000000002,4.1999999999999993,0.048795015560361997,0
-5.5999999999999996,4.1999999999999993,0.033101319148970215,0
-5.25,4.1999999999999993,0.022488989952473823,0
-4.9000000000000004,4.1999999999999993,0.020390147073857945,0
-4.5499999999999998,4.1999999999999993,0.027464487772802762,0
-4.2000000000000002,4.1999999999999993,0.041206953289246596,0
-3.8500000000000001,4.1999999999999993,0.057280862448709849,0
-3.5,4.1999999999999993,0.071620195516039348,0
-3.1499999999999999,4.1999999999999993,0.081943996109383826,0
-2.7999999999999998,4.1999999999999993,0.087999361678530563,0
-2.4500000000000002,4.1999999999999993,0.090813284886524973,0
-2.0999999999999996,4.1999999999999993,0.091681415767739749,0
-1.75,4.1999999999999993,0.091450966674058123,0
-1.4000000000000004,4.1999999999999993,0.090270218628621723,0
-1.0499999999999998,4.1999999999999993,0.087730535858175113,0
-0.70000000000000018,4.1999999999999993,0.083273439495523544,0
-0.34999999999999964,4.1999999999999993,0.076737871485060366,0
0,4.1999999999999993,0.068849930251948036,0
0.34999999999999964,4.1999999999999993,0.061344062464080792,0
0.70000000000000018,4.1999999999999993,0.056462986671227872,0
1.0500000000000007,4.1999999999999993,0.055953329544845991,0
1.4000000000000004,4.1999999999999993,0.060127415184270505,0
1.75,4.1999999999999993,0.06762598118337429,0
2.0999999999999996,4.1999999999999993,0.076022770468088932,0
2.4499999999999993,4.1999999999999993,0.082791646389684198,0
2.8000000000000007,4.1999999999999993,0.086010056222516146,0
3.1500000000000004,4.1999999999999993,0.084594600043590068,0
3.5,4.1999999999999993,0.078357119963926775,0
3.8499999999999996,4.1999999999999993,0.06820367776371225,0
4.1999999999999993,4.1999999999999993,0.056362675403021097,0
4.5500000000000007,4.1999999999999993,0.046135819227506508,0
4.9000000000000004,4.1999999999999993,0.040846401877516259,0
5.25,4.1999999999999993,0.042373345812199432,0
5.5999999999999996,4.1999999999999993,0.050222965658098029,0
5.9499999999999993,4.1999999999999993,0.061844763050108338,0
6.3000000000000007,4.1999999999999993,0.073983092759996996,0
6.6500000000000004,4.1999999999999993,0.084126831908368088,0
7,4.1999999999999993,0.091212958084117696,0
-7,4.5500000000000007,0.089756154347060427,0
-6.6500000000000004,4.5500000000000007,0.081367414755934175,0
-6.2999999999999998,4.5500000000000007,0.06935886869867039,0
-5.9500000000000002,4.5500000000000007,0.054988646858127703,0
-5.5999999999999996,4.5500000000000007,0.041228755410645516,0
-5.25,4.5500000000000007,0.031932274756996434,0
-4.9000000000000004,4.5500000000000007,0.03011970179709085,0
-4.5499999999999998,4.5500000000000007,0.036389706926164458,0
-4.2000000000000002,4.5500000000000007,0.048576370695766098,0
-3.8500000000000001,4.5500000000000007,0.062912200539193899,0
-3.5,4.5500000000000007,0.075854746882286439,0
-3.1499999999999999,4.5500000000000007,0.085391702311012702,0
-2.7999999999999998,4.5500000000000007,0.09124169809770824,0
-2.4500000000000002,4.5500000000000007,0.094215861179637789,0
-2.0999999999999996,4.5500000000000007,0.095381588532580233,0
-1.75,4.5500000000000007,0.095492986791586326,0
-1.4000000000000004,4.5500000000000007,0.094800390490515044,0
-1.0499999999999998,4.5500000000000007,0.093146657767536306,0
-0.70000000000000018,4.5500000000000007,0.090237418861247365,0
-0.34999999999999964,4.5500000000000007,0.085999715004957442,0
0,4.5500000000000007,0.080904751475312203,0
0.34999999999999964,4.5500000000000007,0.076054393560066602,0
0.70000000000000018,4.5500000000000007,0.072867571960303384,0
1.0500000000000007,4.5500000000000007,0.072441346237422849,0
1.4000000000000004,4.5500000000000007,0.074948625973951438,0
1.75,4.5500000000000007,0.079468645111919173,0
2.0999999999999996,4.5500000000000007,0.084329780104607094,0
2.4499999999999993,4.5500000000000007,0.087664422823306581,0
2.8000000000000007,4.5500000000000007,0.08781889121297573,0
3.1500000000000004,4.5500000000000007,0.083571331231872562,0
3.5,4.5500000000000007,0.074418497376865358,0
3.8499999999999996,4.5500000000000007,0.06110188992942471,0
4.1999999999999993,4.5500000000000007,0.046071556173996567,0
4.5500000000000007,4.5500000000000007,0.033231100770511016,0
4.9000000000000004,4.5500000000000007,0.026609479049797671,0
5.25,4.5500000000000007,0.028497765987595708,0
5.5999999999999996,4.5500000000000007,0.038263408978857036,0
5.9499999999999993,4.5500000000000007,0.052726112510451714,0
6.3000000000000007,4.5500000000000007,0.067832301054044142,0
6.6500000000000004,4.5500000000000007,0.080456328233232122,0
7,4.5500000000000007,0.089275122456520334,0
-7,4.9000000000000004,0.091858835188977056,0
-6.6500000000000004,4.9000000000000004,0.085350152291511341,0
-6.2999999999999998,4.9000000000000004,0.076032984457493069,0
-5.9500000000000002,4.9000000000000004,0.064883696383699868,0
-5.5999999999999996,4.9000000000000004,0.054208851193877625,0
-5.25,4.9000000000000004,0.046999690004662545,0
-4.9000000000000004,4.9000000000000004,0.045603654325261499,0
-4.5499999999999998,4.9000000000000004,0.050492676592926673,0
-4.2000000000000002,4.9000000000000004,0.059997743513200974,0
-3.8500000000000001,4.9000000000000004,0.071209026366998066,0
-3.5,4.9000000000000004,0.081386845475322073,0
-3.1499999999999999,4.9000000000000004,0.08896583256889809,0
-2.7999999999999998,4.9000000000000004,0.093706431888043715,0
-2.4500000000000002,4.9000000000000004,0.096206884020607467,0
-2.0999999999999996,4.9000000000000004,0.097274960571413951,0
-1.75,4.9000000000000004,0.097510954177274956,0
-1.4000000000000004,4.9000000000000004,0.097173500816728375,0
-1.0499999999999998,4.9000000000000004,0.096242966217063769,0
-0.70000000000000018,4.9000000000000004,0.094589709867695881,0
-0.34999999999999964,4.9000000000000004,0.09218830038751312,0
0,4.9000000000000004,0.089307315183371039,0
0.34999999999999964,4.9000000000000004,0.086563094329002804,0
0.70000000000000018,4.9000000000000004,0.084745873478050987,0
1.0500000000000007,4.9000000000000004,0.084459984304798924,0
1.4000000000000004,4.9000000000000004,0.085777814837856833,0
1.75,4.9000000000000004,0.088121240739288245,0
2.0999999999999996,4.9000000000000004,0.090406359602022715,0
2.4499999999999993,4.9000000000000004,0.091289593483918657,0
2.8000000000000007,4.9000000000000004,0.089359448809660347,0
3.1500000000000004,4.9000000000000004,0.083336896423903448,0
3.5,4.9000000000000004,0.072514812376595864,0
3.8499999999999996,4.9000000000000004,0.057493861404039018,0
4.1999999999999993,4.9000000000000004,0.040793089747708525,0
4.5500000000000007,4.9000000000000004,0.026598570906392394,0
4.9000000000000004,4.9000000000000004,0.019289112617215609,0
5.25,4.9000000000000004,0.021362602669974404,0
5.5999999999999996,4.9000000000000004,0.032113426111181606,0
5.9499999999999993,4.9000000000000004,0.048037001824585868,0
6.3000000000000007,4.9000000000000004,0.064669354440976726,0
6.6500000000000004,4.9000000000000004,0.078568823301212926,0
7,4.9000000000000004,0.088278612051250538,0
-7,5.25,0.094141458101617961,0
-6.6500000000000004,5.25,0.089673704917521274,0
-6.2999999999999998,5.25,0.083278144470956328,0
-5.9500000000000002,5.25,0.075625048119155366,0
-5.5999999999999996,5.25,0.0682979155456164,0
-5.25,5.25,0.063350578827471776,0
-4.9000000000000004,5.25,0.062395664311174832,0
-4.5499999999999998,5.25,0.065759558949674154,0
-4.2000000000000002,5.25,0.072300379585142571,0
-3.8500000000000001,5.25,0.080025125763798513,0
-3.5,5.25,0.087056164147839912,0
-3.1499999999999999,5.25,0.092317787967936479,0
-2.7999999999999998,5.25,0.095638947122419674,0
-2.4500000000000002,5.25,0.097421078488964932,0
-2.0999999999999996,5.25,0.098214485625317247,0
-1.75,5.25,0.098441692021823235,0
-1.4000000000000004,5.25,0.098311150421144772,0
-1.0499999999999998,5.25,0.097856582685446378,0
-0.70000000000000018,5.25,0.097034330021152318,0
-0.34999999999999964,5.25,0.095840035809994145,0
0,5.25,0.094408745743612202,0
0.34999999999999964,5.25,0.09304445124811106,0
0.70000000000000018,5.25,0.092134634601462179,0
1.0500000000000007,5.25,0.09196978727994734,0
1.4000000000000004,5.25,0.092562895868263412,0
1.75,5.25,0.093566786132630447,0
2.0999999999999996,5.25,0.094299311338026673,0
2.4499999999999993,5.25,0.093802716868318328,0
2.8000000000000007,5.25,0.090902791002474531,0
3.1500000000000004,5.25,0.084385291119813882,0
3.5,5.25,0.073485541107321445,0
3.8499999999999996,5.25,0.058682566000178259,0
4.1999999999999993,5.25,0.042342883209873422,0
4.5500000000000007,5.25,0.028489793383151274,0
4.9000000000000004,5.25,0.02136116192868627,0
5.25,5.25,0.023378468218525031,0
5.5999999999999996,5.25,0.033850122181499062,0
5.9499999999999993,5.25,0.049360997170368924,0
6.3000000000000007,5.25,0.065562400862940795,0
6.6500000000000004,5.25,0.079101749908227131,0
7,5.25,0.088559971598725487,0
-7,5.5999999999999996,0.096103777717129552,0
-6.6500000000000004,5.5999999999999996,0.093390560918533885,0
-6.2999999999999998,5.5999999999999996,0.089506614036059945,0
-5.9500000000000002,5.5999999999999996,0.084859004377634162,0
-5.5999999999999996,5.5999999999999996,0.08040943341436621,0
-5.25,5.5999999999999996,0.077405331617183548,0
-4.9000000000000004,5.5999999999999996,0.076826398835088267,0
-4.5499999999999998,5.5999999999999996,0.078871555893278905,0
-4.2000000000000002,5.5999999999999996,0.082848451275310792,0
-3.8500000000000001,5.5999999999999996,0.087548043622193816,0
-3.5,5.5999999999999996,0.091830948814364821,0
-3.1499999999999999,5.5999999999999996,0.09504360668559865,0
-2.7999999999999998,5.5999999999999996,0.097080366580562419,0
-2.4500000000000002,5.5999999999999996,0.098182766506975702,0
-2.0999999999999996,5.5999999999999996,0.098684884769832226,0
-1.75,5.5999999999999996,0.098848742676011223,0
-1.4000000000000004,5.5999999999999996,0.098814166608598653,0
-1.0499999999999998,5.5999999999999996,0.098621263614426483,0
-0.70000000000000018,5.5999999999999996,0.098262288750576882,0
-0.34999999999999964,5.5999999999999996,0.097739638595380901,0
0,5.5999999999999996,0.097113413157020503,0
0.34999999999999964,5.5999999999999996,0.096515896795428935,0
0.70000000000000018,5.5999999999999996,0.096114136852813087,0
1.0500000000000007,5.5999999999999996,0.096028506277948206,0
1.4000000000000004,5.5999999999999996,0.096245315318075952,0
1.75,5.5999999999999996,0.096559653394821518,0
2.0999999999999996,5.5999999999999996,0.096546413740009371,0
2.4499999999999993,5.5999999999999996,0.095532852804999777,0
2.8000000000000007,5.5999999999999996,0.092594133028313444,0
3.1500000000000004,5.5999999999999996,0.086697395906232849,0
3.5,5.5999999999999996,0.077150595833798546,0
3.8499999999999996,5.5999999999999996,0.064320520229583844,0
4.1999999999999993,5.5999999999999996,0.050208849618225013,0
4.5500000000000007,5.5999999999999996,0.038259395209042958,0
4.9000000000000004,5.5999999999999996,0.032112497337736468,0
5.25,5.5999999999999996,0.03384997385043742,0
5.5999999999999996,5.5999999999999996,0.042874030487385348,0
5.9499999999999993,5.5999999999999996,0.0562410062066541,0
6.3000000000000007,5.5999999999999996,0.070203114063521838,0
6.6500000000000004,5.5999999999999996,0.081871113625446731,0
7,5.5999999999999996,0.090022062431757852,0
-7,5.9499999999999993,0.097507941884371271,0
-6.6500000000000004,5.9499999999999993,0.096050205793078047,0
-6.2999999999999998,5.9499999999999993,0.093963470407486649,0
-5.9500000000000002,5.9499999999999993,0.09146644656583626,0
-5.5999999999999996,5.9499999999999993,0.089075845136267609,0
-5.25,5.9499999999999993,0.08746191736212619,0
-4.9000000000000004,5.9499999999999993,0.087151124092720356,0
-4.5499999999999998,5.9499999999999993,0.088250523099495062,0
-4.2000000000000002,5.9499999999999993,0.090388417856449493,0
-3.8500000000000001,5.9499999999999993,0.092915557640962682,0
-3.5,5.9499999999999993,0.095220016253305964,0
-3.1499999999999999,5.9499999999999993,0.096950595663577194,0
-2.7999999999999998,5.9499999999999993,0.098050131620081624,0
-2.4500000000000002,5.9499999999999993,0.098647980813224609,0
-2.0999999999999996,5.9499999999999993,0.098924027586606303,0
-1.75,5.9499999999999993,0.099021362619449035,0
-1.4000000000000004,5.9499999999999993,0.099020147301155728,0
-1.0499999999999998,5.9499999999999993,0.098949245950624445,0
-0.70000000000000018,5.9499999999999993,0.098811468562094384,0
-0.34999999999999964,5.9499999999999993,0.098609869221587071,0
0,5.9499999999999993,0.0983681842603297,0
0.34999999999999964,5.9499999999999993,0.098137183460426061,0
0.70000000000000018,5.9499999999999993,0.097979923871685692,0
1.0500000000000007,5.9499999999999993,0.097938158888351348,0
1.4000000000000004,5.9499999999999993,0.097991924196224073,0
1.75,5.9499999999999993,0.098021307835053889,0
2.0999999999999996,5.9499999999999993,0.09776479908704136,0
2.4499999999999993,5.9499999999999993,0.096768126310780911,0
2.8000000000000007,5.9499999999999993,0.094359582559536609,0
3.1500000000000004,5.9499999999999993,0.089756857707583598,0
3.5,5.9499999999999993,0.082419611443443674,0
3.8499999999999996,5.9499999999999993,0.07260983978151106,0
4.1999999999999993,5.9499999999999993,0.061839224702064953,0
4.5500000000000007,5.9499999999999993,0.052724474766775956,0
4.9000000000000004,5.9499999999999993,0.048036589527610335,0
5.25,5.9499999999999993,0.049360912773325751,0
5.5999999999999996,5.9499999999999993,0.056240994289029907,0
5.9499999999999993,5.9499999999999993,0.066432301980696468,0
6.3000000000000007,5.9499999999999993,0.077077370187415187,0
6.6500000000000004,5.9499999999999993,0.085973354166971286,0
7,5.9499999999999993,0.092187848259254135,0
-7,6.3000000000000007,0.098363352868233611,0
-6.6500000000000004,6.3000000000000007,0.097670450067693065,0
-6.2999999999999998,6.3000000000000007,0.096678566621282866,0
-5.9500000000000002,6.3000000000000007,0.095491663026779861,0
-5.5999999999999996,6.3000000000000007,0.094355349936482452,0
-5.25,6.3000000000000007,0.093588226008094952,0
-4.9000000000000004,6.3000000000000007,0.093440554607121404,0
-4.5499999999999998,6.3000000000000007,0.093963265178670527,0
-4.2000000000000002,6.3000000000000007,0.094979745186320921,0
-3.8500000000000001,6.3000000000000007,0.096181464355449761,0
-3.5,6.3000000000000007,0.097277612035444411,0
-3.1499999999999999,6.3000000000000007,0.098101246400656858,0
-2.7999999999999998,6.3000000000000007,0.0986251229688654,0
-2.4500000000000002,6.3000000000000007,0.09891068990657606,0
-2.0999999999999996,6.3000000000000007,0.099043684806964224,0
-1.75,6.3000000000000007,0.099092961373345265,0
-1.4000000000000004,6.3000000000000007,0.099098323081048073,0
-1.0499999999999998,6.3000000000000007,0.09907592422202087,0
-0.70000000000000018,6.3000000000000007,0.099029413636395114,0
-0.34999999999999964,6.3000000000000007,0.098960802316263918,0
0,6.3000000000000007,0.098878428345678879,0
0.34999999999999964,6.3000000000000007,0.09879944542576824,0
0.70000000000000018,6.3000000000000007,0.098744496576608304,0
1.0500000000000007,6.3000000000000007,0.098724734375722545,0
1.4000000000000004,6.3000000000000007,0.098723465706726257,0
1.75,6.3000000000000007,0.098672166050814206,0
2.0999999999999996,6.3000000000000007,0.098415720041266821,0
2.4499999999999993,6.3000000000000007,0.097667630545324152,0
2.8000000000000007,6.3000000000000007,0.095986154791500009,0
3.1500000000000004,6.3000000000000007,0.092845353606301514,0
3.5,6.3000000000000007,0.087876439488012062,0
3.8499999999999996,6.3000000000000007,0.081250147624336438,0
4.1999999999999993,6.3000000000000007,0.073981245653767361,0
4.5500000000000007,6.3000000000000007,0.067831736864600728,0
4.9000000000000004,6.3000000000000007,0.064669206298624896,0
5.25,6.3000000000000007,0.065562367817435296,0
5.5999999999999996,6.3000000000000007,0.070203108076470011,0
5.9499999999999993,6.3000000000000007,0.077077369439620902,0
6.3000000000000007,6.3000000000000007,0.084257707940680229,0
6.6500000000000004,6.3000000000000007,0.090258250550398836,0
7,6.3000000000000007,0.094450067638725974,0
-7,6.6500000000000004,0.098812423592876619,0
-6.6500000000000004,6.6500000000000004,0.098521040271935312,0
-6.2999999999999998,6.6500000000000004,0.098103928023378584,0
-5.9500000000000002,6.6500000000000004,0.09760480511528534,0
-5.5999999999999996,6.6500000000000004,0.097126957806549272,0
-5.25,6.6500000000000004,0.096804366883176021,0
-4.9000000000000004,6.6500000000000004,0.096742278889761141,0
-4.5499999999999998,6.6500000000000004,0.096962119447481857,0
-4.2000000000000002,6.6500000000000004,0.097389631718906064,0
-3.8500000000000001,6.6500000000000004,0.097895086519289742,0
-3.5,6.6500000000000004,0.098356202145912855,0
-3.1499999999999999,6.6500000000000004,0.098702775445373467,0
-2.7999999999999998,6.6500000000000004,0.098923340357923772,0
-2.4500000000000002,6.6500000000000004,0.099043746430894752,0
-2.0999999999999996,6.6500000000000004,0.099100138897601525,0
-1.75,6.6500000000000004,0.099121735194519126,0
-1.4000000000000004,6.6500000000000004,0.09912578256657277,0
-1.0499999999999998,6.6500000000000004,0.099119795339640313,0
-0.70000000000000018,6.6500000000000004,0.099105991581275102,0
-0.34999999999999964,6.6500000000000004,0.099085375814884413,0
0,6.6500000000000004,0.09906055749391128,0
0.34999999999999964,6.6500000000000004,0.099036615580868417,0
0.70000000000000018,6.6500000000000004,0.099019281797018383,0
1.0500000000000007,6.6500000000000004,0.099010097713993522,0
1.4000000000000004,6.6500000000000004,0.098998135053711411,0
1.75,6.6500000000000004,0.098946219242808359,0
2.0999999999999996,6.6500000000000004,0.098768179842691192,0
2.4499999999999993,6.6500000000000004,0.098299031399125783,0
2.8000000000000007,6.6500000000000004,0.097278565379414109,0
3.1500000000000004,6.6500000000000004,0.095393448062908545,0
3.5,6.6500000000000004,0.092422307742696483,0
3.8499999999999996,6.6500000000000004,0.088465234947921662,0
4.1999999999999993,6.6500000000000004,0.084126328494598307,0
4.5500000000000007,6.6500000000000004,0.080456164650824349,0
4.9000000000000004,6.6500000000000004,0.078568778567181224,0
5.25,6.6500000000000004,0.079101739458361173,0
5.5999999999999996,6.6500000000000004,0.081871111557949655,0
5.9499999999999993,6.6500000000000004,0.085973353835247748,0
6.3000000000000007,6.6500000000000004,0.09025825051373762,0
6.6500000000000004,6.6500000000000004,0.093839099367793125,0
7,6.6500000000000004,0.09634058375048786,0
-7,7,0.099017069864208454,0
-6.6500000000000004,7,0.098908663194264501,0
-6.2999999999999998,7,0.098753480165449478,0
-5.9500000000000002,7,0.098567785825244142,0
-5.5999999999999996,7,0.098390007068823782,0
-5.25,7,0.098269990643830782,0
-4.9000000000000004,7,0.098246893416928271,0
-4.5499999999999998,7,0.098328688131049988,0
-4.2000000000000002,7,0.098487750548006597,0
-3.8500000000000001,7,0.098675818875427021,0
-3.5,7,0.098847401449183289,0
-3.1499999999999999,7,0.098976380252296728,0
-2.7999999999999998,7,0.099058489311011466,0
-2.4500000000000002,7,0.099103351822702079,0
-2.0999999999999996,7,0.099124442960272577,0
-1.75,7,0.099132704561977605,0
-1.4000000000000004,7,0.099134688188319692,0
-1.0499999999999998,7,0.099133379227072563,0
-0.70000000000000018,7,0.099129782443508715,0
-0.34999999999999964,7,0.099124311683608093,0
0,7,0.099117694900530809,0
0.34999999999999964,7,0.099111236272605804,0
0.70000000000000018,7,0.099106209053333574,0
1.0500000000000007,7,0.099102067755372239,0
1.4000000000000004,7,0.099092786664129046,0
1.75,7,0.099059728312345954,0
2.0999999999999996,7,0.098959098653843322,0
2.4499999999999993,7,0.098705382686227833,0
2.8000000000000007,7,0.09816210638554114,0
3.1500000000000004,7,0.097163982992926584,0
3.5,7,0.095593794484123307,0
3.8499999999999996,7,0.093503906949411936,0
4.1999999999999993,7,0.091212866025810899,0
4.5500000000000007,7,0.089275085093759324,0
4.9000000000000004,7,0.088278600855697706,0
5.25,7,0.088559968841111267,0
5.5999999999999996,7,0.090022061857090746,0
5.9499999999999993,7,0.092187848158273508,0
6.3000000000000007,7,0.094450067624367542,0
6.6500000000000004,7,0.09634058374908322,0
7,7,0.097661247308599763,0
