x1,x2,y,p_class0,p_class1,p_class2,y_hat
0.2610000114,-0.2412778611,0,0.9996304181,0.0002436759878,0.0001259058689,0
3.083974677,0.1064293631,1,9.787009726e-05,0.9994983914,0.000403738486,1
0.8806488829,2.359943406,2,0.001271187009,2.702610999e-05,0.9987017869,2
0.4076896732,-0.8813089505,0,0.999476845,0.0005165199036,6.63514315e-06,0
3.322536705,1.111040097,1,1.699883514e-05,0.9705274362,0.02945556496,1
0.2599736002,2.432181506,2,0.005665905588,2.63479025e-06,0.9943314596,2
-0.2522865747,-0.479648346,0,0.999982868,9.605309513e-06,7.526736078e-06,0
4.707091422,-1.54773159,1,6.380067434e-09,0.9999999931,5.681542019e-10,1
1.415419909,2.280683861,2,0.000382619234,0.0002182076839,0.9993991731,2
-1.133993087,-0.532281882,0,0.9999995659,4.053229068e-08,3.935555733e-07,0
3.155945797,1.461498892,1,3.463581236e-05,0.7684530601,0.2315123041,1
1.024839088,2.879558922,2,5.254377091e-05,3.09448621e-06,0.9999443617,2
1.019437931,0.04336336069,0,0.966955186,0.02757128241,0.005473531635,0
2.565583242,0.1130449745,1,0.002404949198,0.9954601059,0.002134944882,1
1.926895464,1.022853728,2,0.03739159391,0.3714824582,0.5911259479,2
-0.4144100869,0.45630493,0,0.9993433929,4.423598544e-06,0.000652183472,0
2.676358537,-1.389781532,1,0.001753460835,0.9982457745,7.646959967e-07,1
1.099018751,2.143317883,2,0.002062103768,0.0001605798864,0.9977773163,2
0.4395278259,-0.3597651291,0,0.9991704208,0.0007141049536,0.0001154742132,0
3.045254926,-0.02118325396,1,0.0001283124659,0.9996321292,0.0002395583313,1
1.685613364,1.015525453,2,0.0948066602,0.2113016973,0.6938916425,2
0.8840816863,-0.4016289813,0,0.9887014772,0.01094626474,0.0003522580336,0
2.50208099,0.003094380003,1,0.003656941295,0.9948465881,0.001496470593,1
1.190216405,1.777946916,2,0.01071105436,0.001341369026,0.9879475766,2
-0.0292561093,0.2869326614,0,0.9990990969,4.59865389e-05,0.0008549165831,0
2.274804437,1.133835292,1,0.005864866803,0.5152415952,0.478893538,1
2.413597977,3.10804466,2,2.329305374e-07,7.817904836e-05,0.999921588,2
-0.1618473419,0.2913218024,0,0.9993941177,2.027458824e-05,0.0005856076699,0
4.125616969,-0.6916336581,1,1.890329968e-07,0.9999995426,2.683194535e-07,1
3.671644105,1.49361167,2,1.720324401e-06,0.9349393026,0.06505897703,1
0.1958814672,-0.07199618434,0,0.9995770932,0.0001697275354,0.0002531792396,0
3.522164868,-0.537931276,1,7.615881805e-06,0.9999884685,3.915627225e-06,1
1.03809924,2.162481165,2,0.002240735818,0.0001202572565,0.9976390069,2
-0.8181534613,0.09411954602,0,0.9999714416,3.332863669e-07,2.822512698e-05,0
3.859067576,1.382756421,1,5.801128709e-07,0.9784665715,0.02153284841,1
2.444156699,1.456849193,2,0.0009745648363,0.2641414008,0.7348840344,2
-0.1427276553,-1.080347958,0,0.9999832236,1.63399135e-05,4.365274765e-07,0
4.388519328,0.1879283525,1,2.998636894e-08,0.9999900404,9.929571152e-06,1
1.309279095,1.829618876,2,0.0057075316,0.001512028598,0.9927804398,2
-0.07590503779,-0.7818619866,0,0.9999708334,2.657185782e-05,2.594707986e-06,0
2.22378697,0.004785234907,1,0.02007099899,0.9763638502,0.00356515084,1
1.604600276,2.958894741,2,5.956766305e-06,1.292108637e-05,0.9999811221,2
0.3613335159,0.04196346942,0,0.9987511599,0.000485329262,0.000763510819,0
2.788326454,-0.7720147358,1,0.000755116049,0.9992327211,1.216289518e-05,1
0.2610891136,2.836805136,2,0.000666627095,3.445309143e-07,0.9993330284,2
0.6504156454,1.254554242,0,0.4696773854,0.001834927005,0.5284876876,2
3.08242206,0.2345040169,1,9.573965827e-05,0.9991299771,0.0007742832637,1
1.485680459,2.630032927,2,4.869238561e-05,4.670556736e-05,0.999904602,2
0.2375345328,-1.689032619,0,0.9998518762,0.000148068666,5.512394655e-08,0
3.782590514,-0.2195860282,1,1.406788597e-06,0.9999900053,8.587931317e-06,1
1.484650831,2.624010201,2,5.04265604e-05,4.7991267e-05,0.9999015822,2
0.1655107496,0.06626782287,0,0.9993746133,0.0001454480385,0.0004799386249,0
1.479344245,-0.7370265902,1,0.7112384118,0.2885007288,0.000260859345,0
2.281550386,3.248819247,2,1.649960669e-07,2.531872707e-05,0.9999745163,2
0.4147419558,0.0985984421,0,0.9981050106,0.0006843279329,0.001210661505,0
2.819542808,-0.04936387051,1,0.0005217843735,0.9990548234,0.0004233922162,1
1.648190412,1.639029247,2,0.005548103759,0.01142130214,0.9830305941,2
0.4158228653,-0.1842767071,0,0.9990843486,0.0006436104341,0.0002720409488,0
3.271274063,0.3723663102,1,2.877625641e-05,0.9991154974,0.0008557263234,1
1.142252356,1.739906847,2,0.01508214118,0.001390815232,0.9835270436,2
0.7387962764,-1.011496333,0,0.996122688,0.003868255062,9.056894508e-06,0
2.488492377,0.3728560033,1,0.003603634271,0.9863787476,0.01001761811,1
1.340502782,3.268236753,2,2.579775436e-06,1.177653543e-06,0.9999962426,2
1.070241595,-0.2896920208,0,0.9641990697,0.03470869175,0.001092238535,0
3.057266226,-0.3862119813,1,0.0001302440374,0.9998332276,3.652832996e-05,1
1.308679884,1.72086646,2,0.01011147655,0.002598923668,0.9872895998,2
0.3141340207,-0.865264378,0,0.9997038208,0.0002907382022,5.441010913e-06,0
2.566231806,0.1213537171,1,0.002390294562,0.9953880076,0.00222169781,1
1.63124005,3.17333122,2,1.766159514e-06,4.760137989e-06,0.9999934737,2
0.995088892,1.175632628,0,0.3186078192,0.01030027424,0.6710919066,2
2.323283713,-0.2535329987,1,0.01168319457,0.9876018934,0.0007149120282,1
0.9043254084,2.600429689,2,0.0003316350887,8.656324818e-06,0.9996597086,2
0.5839538002,-1.372232118,0,0.9986366859,0.001362472599,8.414653351e-07,0
2.810014126,0.7206375784,1,0.000449332525,0.9786933926,0.0208572749,1
2.072428374,1.908497288,2,0.0003703811007,0.01123818112,0.9883914378,2
-0.2489560187,-0.2031463328,0,0.9999566583,1.048927382e-05,3.285238407e-05,0
2.783700844,0.5118905512,1,0.0005636455223,0.9914340011,0.008002353386,1
0.9475765266,2.267478241,2,0.001692243456,5.321991676e-05,0.9982545366,2
-0.8831553044,0.6582946924,0,0.9995408229,2.55709582e-07,0.0004589214357,0
4.067144259,-0.9192881734,1,2.869288547e-07,0.9999996108,1.022388708e-07,1
0.7203737143,2.56254145,2,0.0007075105912,5.862925815e-06,0.9992866265,2
-1.047524985,-0.2699517387,0,0.9999978758,7.3779287e-08,2.050393666e-06,0
3.756200367,0.2602145589,1,1.473196416e-06,0.9998933097,0.0001052171021,1
2.10693923,2.163230422,2,8.733477665e-05,0.003491038908,0.9964216263,2
0.0433050971,-0.9888022596,0,0.9999459341,5.28204556e-05,1.245403977e-06,0
1.60116739,0.3413503814,1,0.4383816083,0.4915634831,0.07005490857,1
0.313172811,3.405096103,2,2.813755398e-05,2.305644833e-08,0.9999718394,2
0.5442701563,0.5230974764,0,0.9816602383,0.001663672477,0.01667608923,0
1.98405957,0.3365663096,1,0.07426078695,0.8888106052,0.03692860788,1
2.630603898,3.507166484,2,1.459314635e-08,2.067258906e-05,0.9999793128,2
-0.4007581159,0.06347387465,0,0.9999105891,4.376059527e-06,8.503485715e-05,0
3.844413913,-0.4784625814,1,1.022213328e-06,0.9999970657,1.912093928e-06,1
1.128440509,2.636888378,2,0.0001386515495,1.461022181e-05,0.9998467382,2
-0.3786844213,0.4833602536,0,0.9991559399,5.553355914e-06,0.0008385067409,0
2.931826008,-0.8050596869,1,0.0003134200234,0.9996800324,6.547626488e-06,1
1.358153385,2.287543962,2,0.0004389079898,0.0001759254736,0.9993851665,2
0.8973774008,-0.06529905184,0,0.9849805627,0.01285254552,0.002166891733,0
2.641236044,-0.213300013,1,0.001635041495,0.9980404442,0.0003245142801,1
1.672924345,1.637244539,2,0.005192668076,0.0124518093,0.9823555226,2
0.3489565462,-0.02883664987,0,0.9990522964,0.0004419865517,0.0005057170915,0
3.662103559,-0.8005888168,1,3.41616069e-06,0.9999959154,6.68439325e-07,1
1.684616897,2.188496558,2,0.0002754927684,0.0008124128918,0.9989120943,2
1.331910354,0.55097692,0,0.6957153082,0.155194809,0.1490898828,0
3.420077153,0.2261186555,1,1.188405319e-05,0.9997322783,0.0002558376232,1
1.976714927,2.898335918,2,2.656871222e-06,5.676918924e-05,0.9999405739,2
-0.7502380746,0.133383054,0,0.999956802,5.122235847e-07,4.268574226e-05,0
3.24836716,0.09476985363,1,3.550321512e-05,0.9997378696,0.0002266271356,1
2.299845292,1.528338243,2,0.00121243925,0.1369292476,0.8618583131,2
0.0685639722,-1.182653425,0,0.9999406159,5.890215162e-05,4.818998626e-07,0
2.443686556,0.003454591706,1,0.005237960912,0.9929628622,0.001799176856,1
1.65324614,2.548273317,2,4.516446952e-05,0.000119753974,0.9998350816,2
0.527558274,0.5056769668,0,0.9840117865,0.001497464151,0.01449074937,0
4.500367479,1.060515871,1,1.212526722e-08,0.9994288775,0.000571110412,1
2.047659111,3.08053973,2,8.169031599e-07,2.830378261e-05,0.9999708793,2
-1.983650458,-0.3991340531,0,0.9999999392,2.182146156e-10,6.062282664e-08,0
4.205907727,-1.597355076,1,1.434699458e-07,0.9999998544,2.150841556e-09,1
1.580710604,3.144810493,2,2.393884173e-06,4.687038627e-06,0.9999929191,2
-0.1370276258,-0.6340144918,0,0.9999764114,1.887353168e-05,4.715047309e-06,0
4.428657014,-0.338931052,1,2.66011604e-08,0.9999993615,6.118779494e-07,1
1.67666516,2.443709366,2,7.31598485e-05,0.0002185816621,0.9997082585,2
-0.3582631764,-1.664065494,0,0.9999962549,3.734787471e-06,1.034011123e-08,0
2.248704619,-0.9085558979,1,0.02154280868,0.9784243713,3.282006462e-05,1
1.953196799,4.423328291,2,8.910388035e-10,2.387940168e-08,0.9999999752,2
0.3156903364,0.2402051906,0,0.9977197301,0.0003836622672,0.001896607584,0
3.543929477,-0.1141889884,1,6.002482414e-06,0.9999629443,3.105318243e-05,1
-0.1448224618,2.072802405,2,0.1152165523,4.010784695e-06,0.8847794369,2
-0.4691444797,0.5126618437,0,0.9992523675,3.196217403e-06,0.0007444362766,0
2.34464784,-0.3214469189,1,0.01042343762,0.9891015417,0.0004750206266,1
1.121015883,1.60668388,2,0.03196210666,0.002501866608,0.9655360267,2
0.2982641189,-0.2432881729,0,0.9995538552,0.0003066866937,0.0001394580826,0
2.898782331,-0.3040131398,1,0.0003402350457,0.9995685678,9.119717579e-05,1
1.175867396,1.74702835,2,0.01314179111,0.001494648186,0.9853635607,2
-0.004593667432,1.191637676,0,0.9002269118,6.018639555e-05,0.09971290177,0
2.726937772,1.212055989,1,0.0005112472658,0.7508469018,0.248641851,1
2.335630925,3.30296725,2,1.051521396e-07,2.284744624e-05,0.9999770474,2
-0.5763695798,-0.06067307239,0,0.9999726802,1.43248257e-06,2.588733933e-05,0
3.176057652,0.7060093284,1,4.755477594e-05,0.9937566937,0.006195751519,1
1.616696458,1.955167758,2,0.001161196822,0.002124949737,0.9967138534,2
0.5473707816,0.05252557743,0,0.9970477627,0.001535661126,0.001416576203,0
3.514520069,-0.2292708707,1,7.405454339e-06,0.9999735365,1.905806481e-05,1
3.166860865,3.668037553,2,1.225894028e-09,4.984978836e-05,0.999950149,2
0.6125245049,0.04361900229,0,0.9960644217,0.002290819591,0.001644758727,0
3.144657989,-1.403852169,1,9.7227461e-05,0.9999026098,1.627333633e-07,1
1.511227662,2.774748221,2,2.095082484e-05,2.43829903e-05,0.9999546662,2
1.050479226,-0.09311063608,0,0.9648417121,0.03224442503,0.002913862891,0
3.236602638,-1.056927706,1,5.058205223e-05,0.9999487162,7.017454205e-07,1
0.8059561329,3.153812474,2,2.389125929e-05,3.883533221e-07,0.9999757204,2
-0.2058986463,-0.256498687,0,0.9999582627,1.351413349e-05,2.822317848e-05,0
2.521450121,0.08550598377,1,0.003178863926,0.9946873266,0.002133809494,1
1.686770738,1.86664317,2,0.001496684995,0.004135071197,0.9943682438,2
