source_row,split
1,train
3,train
4,train
6,train
7,train
8,train
9,train
12,train
15,train
16,train
17,train
18,train
20,train
21,train
22,train
23,train
24,train
25,train
26,train
27,train
28,train
29,train
30,train
32,train
33,train
34,train
35,train
36,train
37,train
38,train
39,train
42,train
43,train
44,train
45,train
46,train
47,train
49,train
50,train
51,train
53,train
54,train
55,train
56,train
57,train
58,train
59,train
60,train
62,train
63,train
64,train
65,train
66,train
67,train
68,train
69,train
70,train
71,train
73,train
74,train
75,train
76,train
79,train
80,train
82,train
83,train
84,train
85,train
86,train
87,train
88,train
90,train
91,train
92,train
93,train
96,train
97,train
99,train
100,train
101,train
102,train
103,train
105,train
106,train
107,train
109,train
110,train
112,train
113,train
114,train
116,train
117,train
118,train
119,train
120,train
121,train
122,train
123,train
124,train
125,train
127,train
128,train
129,train
130,train
131,train
133,train
134,train
135,train
136,train
138,train
140,train
141,train
143,train
144,train
145,train
146,train
147,train
148,train
149,train
150,train
151,train
153,train
154,train
156,train
157,train
158,train
159,train
161,train
162,train
163,train
164,train
167,train
168,train
169,train
170,train
171,train
172,train
173,train
174,train
175,train
176,train
177,train
179,train
180,train
181,train
182,train
184,train
185,train
187,train
188,train
189,train
191,train
192,train
193,train
194,train
197,train
200,train
201,train
202,train
203,train
204,train
205,train
206,train
210,train
211,train
212,train
213,train
214,train
215,train
216,train
217,train
218,train
219,train
221,train
226,train
227,train
228,train
229,train
230,train
231,train
233,train
234,train
236,train
237,train
238,train
239,train
240,train
241,train
243,train
245,train
246,train
247,train
248,train
250,train
252,train
253,train
255,train
256,train
258,train
259,train
260,train
261,train
262,train
263,train
264,train
266,train
267,train
268,train
269,train
270,train
271,train
273,train
274,train
275,train
276,train
277,train
278,train
279,train
280,train
281,train
282,train
283,train
284,train
286,train
287,train
288,train
289,train
290,train
291,train
292,train
293,train
294,train
295,train
296,train
297,train
300,train
303,train
305,train
306,train
307,train
308,train
311,train
313,train
315,train
316,train
317,train
318,train
319,train
321,train
322,train
323,train
324,train
325,train
326,train
328,train
329,train
331,train
332,train
333,train
334,train
335,train
336,train
337,train
339,train
342,train
343,train
344,train
346,train
348,train
349,train
350,train
352,train
353,train
355,train
357,train
360,train
361,train
362,train
363,train
364,train
365,train
366,train
367,train
368,train
369,train
370,train
371,train
372,train
373,train
375,train
376,train
377,train
378,train
380,train
382,train
383,train
384,train
386,train
387,train
388,train
390,train
391,train
392,train
393,train
395,train
397,train
398,train
399,train
400,train
401,train
402,train
403,train
405,train
408,train
409,train
410,train
411,train
412,train
413,train
414,train
415,train
416,train
419,train
422,train
423,train
424,train
426,train
427,train
428,train
430,train
431,train
432,train
433,train
434,train
437,train
438,train
440,train
441,train
442,train
443,train
444,train
446,train
447,train
448,train
449,train
450,train
451,train
452,train
453,train
454,train
455,train
457,train
458,train
459,train
461,train
462,train
464,train
465,train
466,train
467,train
468,train
469,train
470,train
471,train
472,train
474,train
475,train
476,train
477,train
478,train
479,train
480,train
481,train
482,train
483,train
484,train
485,train
486,train
487,train
488,train
489,train
490,train
492,train
493,train
494,train
495,train
496,train
497,train
498,train
499,train
500,train
501,train
502,train
503,train
504,train
505,train
508,train
509,train
510,train
514,train
515,train
516,train
517,train
518,train
519,train
520,train
521,train
522,train
523,train
524,train
525,train
526,train
527,train
528,train
529,train
530,train
531,train
532,train
533,train
535,train
537,train
539,train
540,train
541,train
542,train
543,train
544,train
545,train
547,train
548,train
550,train
551,train
552,train
553,train
554,train
555,train
556,train
558,train
559,train
560,train
561,train
562,train
563,train
564,train
569,train
571,train
572,train
573,train
574,train
575,train
577,train
578,train
579,train
580,train
581,train
582,train
583,train
584,train
585,train
586,train
587,train
588,train
589,train
590,train
591,train
593,train
594,train
595,train
596,train
597,train
598,train
599,train
600,train
601,train
602,train
604,train
606,train
607,train
608,train
609,train
610,train
611,train
613,train
614,train
615,train
617,train
618,train
619,train
620,train
621,train
622,train
623,train
624,train
625,train
627,train
628,train
629,train
633,train
634,train
636,train
637,train
639,train
640,train
644,train
645,train
646,train
650,train
651,train
652,train
654,train
655,train
657,train
658,train
660,train
661,train
663,train
664,train
665,train
667,train
668,train
669,train
670,train
671,train
672,train
674,train
675,train
676,train
677,train
678,train
679,train
680,train
681,train
682,train
684,train
685,train
686,train
691,train
694,train
695,train
697,train
698,train
699,train
700,train
701,train
702,train
705,train
706,train
707,train
709,train
710,train
711,train
712,train
713,train
714,train
715,train
716,train
718,train
720,train
721,train
722,train
723,train
725,train
726,train
728,train
729,train
730,train
731,train
732,train
733,train
734,train
735,train
736,train
737,train
738,train
740,train
742,train
743,train
745,train
746,train
747,train
748,train
749,train
750,train
751,train
752,train
753,train
754,train
755,train
756,train
757,train
758,train
761,train
763,train
764,train
766,train
767,train
768,train
771,train
772,train
773,train
774,train
775,train
777,train
778,train
781,train
783,train
785,train
786,train
787,train
788,train
789,train
792,train
793,train
794,train
795,train
797,train
798,train
800,train
801,train
802,train
803,train
804,train
805,train
806,train
807,train
808,train
809,train
810,train
811,train
812,train
813,train
815,train
816,train
817,train
818,train
820,train
821,train
823,train
824,train
827,train
828,train
829,train
830,train
831,train
832,train
833,train
834,train
835,train
836,train
838,train
839,train
840,train
841,train
843,train
844,train
845,train
846,train
847,train
848,train
849,train
850,train
852,train
853,train
854,train
857,train
858,train
859,train
860,train
861,train
862,train
864,train
866,train
867,train
869,train
870,train
871,train
873,train
874,train
875,train
876,train
877,train
878,train
879,train
880,train
881,train
882,train
883,train
885,train
886,train
887,train
890,train
891,train
894,train
896,train
897,train
898,train
899,train
900,train
902,train
903,train
904,train
905,train
906,train
907,train
908,train
909,train
910,train
912,train
913,train
915,train
916,train
917,train
918,train
919,train
920,train
923,train
926,train
928,train
929,train
930,train
931,train
932,train
933,train
936,train
938,train
939,train
940,train
941,train
942,train
943,train
944,train
946,train
947,train
948,train
949,train
950,train
951,train
952,train
954,train
955,train
956,train
957,train
958,train
959,train
960,train
961,train
962,train
963,train
965,train
967,train
968,train
970,train
971,train
973,train
974,train
975,train
976,train
977,train
978,train
979,train
980,train
981,train
982,train
983,train
984,train
985,train
986,train
987,train
988,train
989,train
990,train
991,train
992,train
994,train
995,train
996,train
998,train
999,train
1000,train
1001,train
1002,train
1005,train
1007,train
1008,train
1009,train
1010,train
1011,train
1012,train
1013,train
1014,train
1015,train
1016,train
1017,train
1018,train
1021,train
1022,train
1023,train
1029,train
1031,train
1032,train
1034,train
1035,train
1036,train
1038,train
1039,train
1040,train
1041,train
1043,train
1046,train
1047,train
1048,train
1050,train
1051,train
1052,train
1053,train
1054,train
1055,train
1056,train
1057,train
1058,train
1060,train
1061,train
1062,train
1064,train
1065,train
1066,train
1067,train
1068,train
1069,train
1072,train
1077,train
1078,train
1079,train
1080,train
1081,train
1082,train
1083,train
1084,train
1086,train
1087,train
1088,train
1089,train
1090,train
1091,train
1093,train
1094,train
1096,train
1098,train
1099,train
1101,train
1104,train
1106,train
1107,train
1109,train
1110,train
1111,train
1113,train
1114,train
1115,train
1116,train
1118,train
1119,train
1120,train
1121,train
1122,train
1123,train
1124,train
1125,train
1126,train
1127,train
1129,train
1131,train
1132,train
1136,train
1138,train
1140,train
1142,train
1143,train
1146,train
1147,train
1149,train
1150,train
1151,train
1152,train
1155,train
1157,train
1158,train
1160,train
1162,train
1163,train
1167,train
1169,train
1170,train
1171,train
1172,train
1173,train
1174,train
1176,train
1177,train
1180,train
1181,train
1183,train
1185,train
1186,train
1187,train
1188,train
1189,train
1190,train
1191,train
1192,train
1193,train
1194,train
1196,train
1198,train
1201,train
1202,train
1203,train
1204,train
1205,train
1207,train
1209,train
1210,train
1211,train
1212,train
1213,train
1214,train
1215,train
1216,train
1217,train
1218,train
1219,train
1222,train
1223,train
1224,train
1227,train
1228,train
1230,train
1231,train
1232,train
1234,train
1236,train
1238,train
1239,train
1240,train
1241,train
1242,train
1243,train
1245,train
1246,train
1247,train
1248,train
1249,train
1250,train
1253,train
1254,train
1256,train
1258,train
1259,train
1260,train
1261,train
1262,train
1263,train
1264,train
1266,train
1267,train
1268,train
1269,train
1272,train
1273,train
1274,train
1276,train
1277,train
1278,train
1279,train
1280,train
1281,train
1283,train
1284,train
1285,train
1287,train
1290,train
1291,train
1292,train
1293,train
1294,train
1296,train
1297,train
1298,train
1299,train
1300,train
1301,train
1302,train
1303,train
1304,train
1306,train
1307,train
1308,train
1309,train
1310,train
1311,train
1312,train
1313,train
1314,train
1315,train
1317,train
1319,train
1321,train
1323,train
1324,train
1325,train
1326,train
1327,train
1328,train
1329,train
1331,train
1332,train
1333,train
1334,train
1335,train
1336,train
1338,train
1339,train
1341,train
1343,train
1344,train
1345,train
1346,train
1347,train
1348,train
1349,train
1350,train
1351,train
1352,train
1353,train
1354,train
1355,train
1358,train
1359,train
1361,train
1362,train
1364,train
1365,train
1366,train
1367,train
1368,train
1369,train
1372,train
1373,train
1374,train
1375,train
1376,train
1377,train
1378,train
1379,train
1382,train
1383,train
1384,train
1386,train
1387,train
1388,train
1389,train
1390,train
1391,train
1392,train
1393,train
1394,train
1395,train
1396,train
1397,train
1398,train
1399,train
1400,train
1401,train
1402,train
1405,train
1406,train
1407,train
1408,train
1409,train
1410,train
1411,train
1413,train
1416,train
1417,train
1418,train
1419,train
1420,train
1421,train
1422,train
1423,train
1424,train
1425,train
1426,train
1427,train
1429,train
1430,train
1431,train
1432,train
1433,train
1434,train
1435,train
1436,train
1438,train
1439,train
1440,train
1442,train
1443,train
1444,train
1445,train
1446,train
1448,train
1449,train
1450,train
1451,train
1452,train
1453,train
1454,train
1456,train
1457,train
1458,train
1459,train
1461,train
1462,train
1463,train
1464,train
1466,train
1467,train
1470,train
1471,train
1472,train
1473,train
1474,train
1475,train
1476,train
1477,train
1479,train
1480,train
1481,train
1482,train
1483,train
1485,train
1487,train
1488,train
1489,train
1490,train
1491,train
1492,train
1493,train
1495,train
1497,train
1498,train
1499,train
1500,train
1501,train
1502,train
1505,train
1506,train
1508,train
1510,train
1511,train
1512,train
1513,train
1514,train
1517,train
1518,train
1519,train
1520,train
1521,train
1524,train
1525,train
1527,train
1529,train
1530,train
1532,train
1533,train
1534,train
1535,train
1536,train
1537,train
1539,train
1540,train
1542,train
1543,train
1544,train
1545,train
1547,train
1548,train
1549,train
1550,train
1551,train
1552,train
1553,train
1554,train
1555,train
1558,train
1559,train
1560,train
1561,train
1562,train
1563,train
1565,train
1567,train
1568,train
1571,train
1572,train
1574,train
1575,train
1576,train
1577,train
1578,train
1579,train
1581,train
1582,train
1583,train
1585,train
1587,train
1589,train
1590,train
1591,train
1592,train
1593,train
1594,train
1595,train
1596,train
1597,train
1598,train
1599,train
1600,train
1601,train
1603,train
1604,train
1605,train
1606,train
1607,train
1610,train
1611,train
1612,train
1613,train
1615,train
1616,train
1617,train
1618,train
1619,train
1621,train
1622,train
1624,train
1625,train
1626,train
1627,train
1629,train
1633,train
1634,train
1635,train
1636,train
1637,train
1638,train
1639,train
1640,train
1642,train
1644,train
1646,train
1648,train
1651,train
1652,train
1653,train
1654,train
1655,train
1658,train
1659,train
1660,train
1661,train
1662,train
1664,train
1665,train
1666,train
1668,train
1669,train
1670,train
1671,train
1672,train
1674,train
1675,train
1676,train
1678,train
1680,train
1682,train
1683,train
1684,train
1685,train
1687,train
1688,train
1689,train
1691,train
1693,train
1694,train
1696,train
1697,train
1698,train
1699,train
1700,train
1702,train
1704,train
1705,train
1707,train
1708,train
1709,train
1710,train
1711,train
1712,train
1713,train
1714,train
1715,train
1716,train
1717,train
1718,train
1720,train
1724,train
1725,train
1726,train
1727,train
1728,train
1730,train
1731,train
1732,train
1734,train
1735,train
1736,train
1737,train
1738,train
1740,train
1744,train
1747,train
1748,train
1749,train
1750,train
1751,train
1752,train
1753,train
1754,train
1755,train
1756,train
1757,train
1758,train
1759,train
1760,train
1761,train
1762,train
1764,train
1765,train
1766,train
1767,train
1768,train
1769,train
1770,train
1771,train
1772,train
1773,train
1774,train
1776,train
1777,train
1779,train
1782,train
1783,train
1785,train
1787,train
1789,train
1791,train
1792,train
1793,train
1794,train
1795,train
1796,train
1797,train
1798,train
1799,train
1800,train
1802,train
1803,train
1804,train
1805,train
1806,train
1808,train
1809,train
1810,train
1811,train
1812,train
1813,train
1814,train
1817,train
1818,train
1819,train
1820,train
1821,train
1823,train
1828,train
1829,train
1831,train
1832,train
1833,train
1835,train
1836,train
1837,train
1838,train
1839,train
1840,train
1841,train
1842,train
1844,train
1845,train
1846,train
1848,train
1850,train
1851,train
1852,train
1853,train
1854,train
1856,train
1857,train
1858,train
1859,train
1860,train
1861,train
1862,train
1863,train
1864,train
1865,train
1866,train
1867,train
1868,train
1869,train
1870,train
1871,train
1872,train
1873,train
1874,train
1875,train
1876,train
1879,train
1880,train
1881,train
1882,train
1884,train
1885,train
1886,train
1887,train
1888,train
1889,train
1890,train
1891,train
1892,train
1893,train
1894,train
1896,train
1897,train
1898,train
1899,train
1900,train
1902,train
1904,train
1905,train
1906,train
1907,train
1908,train
1909,train
1912,train
1913,train
1914,train
1915,train
1916,train
1917,train
1918,train
1919,train
1920,train
1921,train
1923,train
1924,train
1925,train
1926,train
1927,train
1928,train
1929,train
1930,train
1931,train
1932,train
1934,train
1935,train
1936,train
1937,train
1938,train
1939,train
1940,train
1941,train
1942,train
1943,train
1945,train
1946,train
1947,train
1949,train
1951,train
1954,train
1955,train
1957,train
1960,train
1961,train
1962,train
1963,train
1964,train
1966,train
1967,train
1968,train
1969,train
1970,train
1971,train
1974,train
1978,train
1979,train
1981,train
1983,train
1984,train
1986,train
1987,train
1988,train
1991,train
1993,train
1994,train
1995,train
1996,train
1999,train
2000,train
2001,train
2002,train
2003,train
2005,train
2006,train
2007,train
2008,train
2009,train
2010,train
2011,train
2012,train
2013,train
2014,train
2015,train
2016,train
2017,train
2018,train
2019,train
2021,train
2022,train
2023,train
2024,train
2025,train
2026,train
2027,train
2028,train
2029,train
2031,train
2032,train
2033,train
2034,train
2035,train
2036,train
2037,train
2038,train
2039,train
2040,train
2041,train
2042,train
2043,train
2044,train
2046,train
2047,train
2048,train
2049,train
2050,train
2051,train
2053,train
2054,train
2055,train
2056,train
2057,train
2058,train
2059,train
2060,train
2061,train
2062,train
2063,train
2064,train
2066,train
2067,train
2068,train
2069,train
2070,train
2072,train
2073,train
2074,train
2075,train
2076,train
2077,train
2078,train
2079,train
2081,train
2082,train
2083,train
2084,train
2085,train
2088,train
2090,train
2091,train
2092,train
2095,train
2097,train
2098,train
2099,train
2100,train
2103,train
2106,train
2107,train
2108,train
2109,train
2111,train
2112,train
2113,train
2115,train
2116,train
2118,train
2119,train
2120,train
2121,train
2122,train
2124,train
2127,train
2128,train
2130,train
2131,train
2135,train
2137,train
2138,train
2140,train
2141,train
2142,train
2143,train
2145,train
2146,train
2148,train
2149,train
2150,train
2151,train
2152,train
2153,train
2154,train
2155,train
2156,train
2158,train
2159,train
2160,train
2161,train
2162,train
2163,train
2165,train
2166,train
2167,train
2169,train
2170,train
2172,train
2174,train
2175,train
2176,train
2178,train
2179,train
2180,train
2181,train
2183,train
2184,train
2185,train
2186,train
2187,train
2188,train
2189,train
2191,train
2192,train
2193,train
2194,train
2196,train
2197,train
2198,train
2199,train
2203,train
2205,train
2206,train
2207,train
2208,train
2210,train
2212,train
2213,train
2214,train
2218,train
2219,train
2220,train
2221,train
2222,train
2223,train
2224,train
2225,train
2226,train
2227,train
2228,train
2230,train
2231,train
2232,train
2233,train
2234,train
2236,train
2237,train
2238,train
2240,train
2242,train
2243,train
2244,train
2245,train
2246,train
2247,train
2249,train
2250,train
2251,train
2252,train
2253,train
2254,train
2255,train
2256,train
2257,train
2258,train
2260,train
2261,train
2262,train
2263,train
2264,train
2265,train
2268,train
2269,train
2270,train
2271,train
2272,train
2273,train
2274,train
2275,train
2277,train
2279,train
2280,train
2281,train
2282,train
2283,train
2284,train
2285,train
2286,train
2287,train
2288,train
2289,train
2290,train
2291,train
2292,train
2293,train
2296,train
2297,train
2299,train
2300,train
2302,train
2303,train
2304,train
2305,train
2306,train
2307,train
2308,train
2310,train
2311,train
2312,train
2313,train
2315,train
2316,train
2317,train
2318,train
2319,train
2321,train
2322,train
2324,train
2326,train
2327,train
2329,train
2330,train
2331,train
2332,train
2333,train
2334,train
2335,train
2336,train
2337,train
2338,train
2340,train
2341,train
2343,train
2344,train
2347,train
2348,train
2349,train
2350,train
2353,train
2354,train
2355,train
2356,train
2357,train
2358,train
2359,train
2361,train
2362,train
2363,train
2365,train
2366,train
2367,train
2368,train
2369,train
2370,train
2371,train
2372,train
2373,train
2375,train
2376,train
2379,train
2380,train
2381,train
2382,train
2384,train
2387,train
2388,train
2389,train
2390,train
2391,train
2392,train
2394,train
2396,train
2397,train
2398,train
2399,train
2401,train
2402,train
2403,train
2404,train
2405,train
2407,train
2408,train
2409,train
2410,train
2411,train
2412,train
2413,train
2415,train
2416,train
2417,train
2418,train
2419,train
2420,train
2421,train
2422,train
2423,train
2425,train
2428,train
2430,train
2431,train
2432,train
2433,train
2434,train
2436,train
2437,train
2438,train
2439,train
2440,train
2443,train
2444,train
2445,train
2446,train
2447,train
2450,train
2451,train
2452,train
2453,train
2454,train
2455,train
2456,train
2458,train
2459,train
2460,train
2461,train
2462,train
2463,train
2464,train
2465,train
2467,train
2468,train
2470,train
2471,train
2472,train
2475,train
2476,train
2477,train
2479,train
2480,train
2481,train
2482,train
2483,train
2484,train
2485,train
2489,train
2491,train
2492,train
2493,train
2494,train
2496,train
2498,train
2499,train
2500,train
2501,train
2502,train
2503,train
2505,train
2506,train
2507,train
2508,train
2509,train
2511,train
2513,train
2514,train
2515,train
2517,train
2518,train
2521,train
2522,train
2524,train
2526,train
2528,train
2529,train
2530,train
2531,train
2533,train
2534,train
2535,train
2536,train
2537,train
2538,train
2540,train
2541,train
2542,train
2543,train
2545,train
2546,train
2550,train
2552,train
2553,train
2554,train
2556,train
2557,train
2558,train
2559,train
2560,train
2561,train
2562,train
2563,train
2564,train
2567,train
2568,train
2569,train
2570,train
2572,train
2573,train
2574,train
2575,train
2576,train
2578,train
2579,train
2580,train
2581,train
2582,train
2583,train
2584,train
2585,train
2586,train
2587,train
2588,train
2589,train
2590,train
2591,train
2592,train
2594,train
2596,train
2598,train
2599,train
2600,train
2601,train
2603,train
2604,train
2605,train
2606,train
2607,train
2608,train
2609,train
2610,train
2613,train
2615,train
2617,train
2618,train
2620,train
2622,train
2624,train
2625,train
2626,train
2627,train
2628,train
2629,train
2631,train
2632,train
2633,train
2635,train
2637,train
2639,train
2640,train
2641,train
2642,train
2644,train
2646,train
2648,train
2649,train
2650,train
2651,train
2652,train
2653,train
2654,train
2655,train
2656,train
2657,train
2658,train
2659,train
2662,train
2665,train
2666,train
2668,train
2669,train
2670,train
2671,train
2672,train
2673,train
2675,train
2676,train
2677,train
2678,train
2679,train
2681,train
2684,train
2685,train
2687,train
2688,train
2690,train
2691,train
2692,train
2693,train
2694,train
2695,train
2696,train
2697,train
2698,train
2699,train
2700,train
2701,train
2702,train
2703,train
2705,train
2706,train
2708,train
2709,train
2710,train
2711,train
2712,train
2716,train
2717,train
2718,train
2719,train
2721,train
2723,train
2726,train
2727,train
2728,train
2730,train
2731,train
2733,train
2734,train
2735,train
2736,train
2737,train
2738,train
2739,train
2742,train
2744,train
2745,train
2746,train
2747,train
2749,train
2750,train
2751,train
2752,train
2753,train
2756,train
2757,train
2758,train
2760,train
2761,train
2764,train
2767,train
2768,train
2769,train
2770,train
2771,train
2772,train
2773,train
2776,train
2777,train
2778,train
2779,train
2780,train
2781,train
2783,train
2784,train
2785,train
2786,train
2787,train
2788,train
2789,train
2790,train
2791,train
2792,train
2793,train
2794,train
2795,train
2796,train
2799,train
2802,train
2803,train
2805,train
2806,train
2808,train
2809,train
2810,train
2811,train
2812,train
2813,train
2815,train
2816,train
2817,train
2818,train
2819,train
2820,train
2822,train
2823,train
2824,train
2825,train
2826,train
2827,train
2834,train
2835,train
2836,train
2837,train
2838,train
2839,train
2841,train
2843,train
2846,train
2847,train
2848,train
2849,train
2852,train
2853,train
2854,train
2855,train
2858,train
2859,train
2862,train
2863,train
2864,train
2865,train
2866,train
2868,train
2869,train
2872,train
2873,train
2874,train
2875,train
2876,train
2877,train
2878,train
2879,train
2880,train
2884,train
2885,train
2886,train
2887,train
2888,train
2889,train
2890,train
2891,train
2892,train
2893,train
2894,train
2895,train
2896,train
2897,train
2899,train
2901,train
2903,train
2904,train
2907,train
2908,train
2909,train
2910,train
2911,train
2912,train
2914,train
2915,train
2916,train
2917,train
2919,train
2920,train
2922,train
2924,train
2925,train
2926,train
2927,train
2928,train
2930,train
2931,train
2935,train
2936,train
2937,train
2938,train
2940,train
2942,train
2943,train
2944,train
2946,train
2947,train
2948,train
2951,train
2952,train
2953,train
2957,train
2958,train
2961,train
2962,train
2963,train
2964,train
2965,train
2966,train
2967,train
2968,train
2970,train
2971,train
2972,train
2974,train
2975,train
2976,train
2977,train
2978,train
2979,train
2981,train
2982,train
2984,train
2986,train
2987,train
2988,train
2989,train
2990,train
2991,train
2994,train
2996,train
2998,train
2999,train
3001,train
3002,train
3003,train
3004,train
3007,train
3009,train
3011,train
3012,train
3013,train
3014,train
3015,train
3016,train
3018,train
3019,train
3020,train
3022,train
3023,train
3024,train
3025,train
3026,train
3027,train
3028,train
3029,train
3030,train
3032,train
3033,train
3034,train
3035,train
3036,train
3038,train
3039,train
3040,train
3042,train
3043,train
3044,train
3045,train
3046,train
3047,train
3048,train
3050,train
3051,train
3053,train
3058,train
3059,train
3060,train
3061,train
3062,train
3063,train
3064,train
3065,train
3067,train
3068,train
3069,train
3070,train
3071,train
3072,train
3073,train
3074,train
3075,train
3076,train
3077,train
3078,train
3079,train
3080,train
3081,train
3082,train
3084,train
3085,train
3087,train
3088,train
3089,train
3090,train
3092,train
3093,train
3094,train
3095,train
3097,train
3098,train
3099,train
3100,train
3101,train
3103,train
3104,train
3105,train
3106,train
3107,train
3108,train
3110,train
3111,train
3112,train
3113,train
3114,train
3115,train
3117,train
3118,train
3120,train
3127,train
3128,train
3129,train
3130,train
3132,train
3133,train
3134,train
3135,train
3136,train
3139,train
3140,train
3141,train
3142,train
3143,train
3144,train
3146,train
3148,train
3149,train
3150,train
3151,train
3152,train
3153,train
3155,train
3158,train
3159,train
3160,train
3161,train
3162,train
3163,train
3164,train
3165,train
3167,train
3170,train
3171,train
3172,train
3173,train
3174,train
3175,train
3176,train
3178,train
3179,train
3182,train
3183,train
3184,train
3186,train
3187,train
3190,train
3191,train
3192,train
3194,train
3195,train
3196,train
3197,train
3198,train
3199,train
3200,train
3201,train
3204,train
3205,train
3206,train
3207,train
3208,train
3209,train
3210,train
3213,train
3215,train
3216,train
3218,train
3219,train
3221,train
3222,train
3223,train
3224,train
3231,train
3232,train
3233,train
3234,train
3235,train
3236,train
3237,train
3240,train
3242,train
3243,train
3246,train
3248,train
3249,train
3250,train
3252,train
3254,train
3255,train
3256,train
3258,train
3259,train
3261,train
3262,train
3263,train
3264,train
3265,train
3266,train
3269,train
3270,train
3271,train
3272,train
3275,train
3276,train
3277,train
3278,train
3280,train
3282,train
3283,train
3284,train
3286,train
3288,train
3290,train
3291,train
3292,train
3293,train
3294,train
3296,train
3297,train
3298,train
3299,train
3300,train
3302,train
3304,train
3305,train
3307,train
3308,train
3310,train
3311,train
3313,train
3314,train
3315,train
3316,train
3318,train
3319,train
3320,train
3321,train
3322,train
3323,train
3324,train
3326,train
3327,train
3328,train
3329,train
3330,train
3331,train
3332,train
3333,train
3334,train
3335,train
3336,train
3337,train
3338,train
3339,train
3342,train
3343,train
3344,train
3345,train
3346,train
3347,train
3348,train
3349,train
3351,train
3352,train
3353,train
3354,train
3355,train
3356,train
3357,train
3359,train
3361,train
3362,train
3363,train
3364,train
3365,train
3366,train
3368,train
3369,train
3370,train
3371,train
3372,train
3373,train
3375,train
3377,train
3378,train
3379,train
3380,train
3381,train
3383,train
3384,train
3385,train
3386,train
3388,train
3389,train
3391,train
3392,train
3394,train
3396,train
3397,train
3398,train
3401,train
3403,train
3404,train
3406,train
3407,train
3408,train
3410,train
3411,train
3413,train
3414,train
3415,train
3416,train
3419,train
3420,train
3421,train
3422,train
3423,train
3424,train
3425,train
3426,train
3427,train
3428,train
3429,train
3430,train
3431,train
3432,train
3433,train
3434,train
3435,train
3436,train
3437,train
3438,train
3439,train
3440,train
3442,train
3443,train
3444,train
3445,train
3448,train
3449,train
3451,train
3452,train
3453,train
3454,train
3455,train
3457,train
3460,train
3461,train
3463,train
3464,train
3465,train
3466,train
3467,train
3468,train
3470,train
3471,train
3473,train
3474,train
3475,train
3478,train
3479,train
3480,train
3481,train
3482,train
3483,train
3484,train
3485,train
3486,train
3488,train
3489,train
3491,train
3492,train
3494,train
3495,train
3496,train
3497,train
3498,train
3499,train
3500,train
3501,train
3502,train
3503,train
3504,train
3505,train
3506,train
3507,train
3509,train
3510,train
3512,train
3513,train
3515,train
3516,train
3517,train
3518,train
3520,train
3522,train
3523,train
3525,train
3526,train
3527,train
3528,train
3529,train
3530,train
3531,train
3533,train
3534,train
3536,train
3537,train
3539,train
3540,train
3542,train
3543,train
3544,train
3545,train
3546,train
3547,train
3548,train
3551,train
3552,train
3555,train
3556,train
3557,train
3558,train
3559,train
3560,train
3562,train
3563,train
3564,train
3567,train
3570,train
3571,train
3572,train
3573,train
3574,train
3575,train
3576,train
3578,train
3579,train
3580,train
3581,train
3582,train
3584,train
3585,train
3589,train
3590,train
3591,train
3592,train
3593,train
3596,train
3597,train
3598,train
3599,train
3600,train
3602,train
3603,train
3604,train
3606,train
3607,train
3608,train
3609,train
3610,train
3612,train
3613,train
3614,train
3615,train
3616,train
3617,train
3618,train
3619,train
3620,train
3621,train
3622,train
3623,train
3624,train
3625,train
3627,train
3631,train
3634,train
3635,train
3636,train
3637,train
3638,train
3639,train
3640,train
3641,train
3642,train
3643,train
3644,train
3645,train
3646,train
3647,train
3649,train
3651,train
3652,train
3653,train
3655,train
3656,train
3658,train
3659,train
3660,train
3661,train
3662,train
3664,train
3665,train
3666,train
3667,train
3668,train
3669,train
3670,train
3671,train
3673,train
3674,train
3675,train
3677,train
3678,train
3679,train
3680,train
3684,train
3685,train
3686,train
3687,train
3688,train
3689,train
3690,train
3691,train
3692,train
3693,train
3695,train
3696,train
3697,train
3698,train
3701,train
3702,train
3703,train
3704,train
3705,train
3706,train
3707,train
3709,train
3712,train
3713,train
3714,train
3717,train
3718,train
3719,train
3720,train
3721,train
3722,train
3723,train
3725,train
3726,train
3727,train
3728,train
3729,train
3730,train
3732,train
3733,train
3736,train
3737,train
3738,train
3739,train
3743,train
3744,train
3745,train
3746,train
3747,train
3749,train
3750,train
3751,train
3752,train
3753,train
3754,train
3755,train
3757,train
3761,train
3762,train
3763,train
3765,train
3767,train
3768,train
3769,train
3770,train
3773,train
3774,train
3775,train
3776,train
3778,train
3781,train
3783,train
3784,train
3785,train
3786,train
3787,train
3789,train
3790,train
3792,train
3793,train
3794,train
3796,train
3797,train
3798,train
3799,train
3803,train
3805,train
3806,train
3807,train
3808,train
3809,train
3810,train
3811,train
3812,train
3813,train
3814,train
3816,train
3817,train
3818,train
3819,train
3822,train
3823,train
3824,train
3825,train
3826,train
3827,train
3828,train
3829,train
3830,train
3831,train
3832,train
3833,train
3836,train
3837,train
3838,train
3840,train
3841,train
3842,train
3844,train
3845,train
3846,train
3847,train
3851,train
3852,train
3853,train
3854,train
3855,train
3857,train
3858,train
3861,train
3862,train
3864,train
3866,train
3868,train
3870,train
3871,train
3872,train
3873,train
3874,train
3875,train
3877,train
3880,train
3881,train
3882,train
3885,train
3888,train
3889,train
3890,train
3892,train
3893,train
3894,train
3895,train
3896,train
3898,train
3899,train
3901,train
3904,train
3905,train
3906,train
3907,train
3910,train
3911,train
3912,train
3913,train
3915,train
3917,train
3918,train
3919,train
3921,train
3922,train
3924,train
3925,train
3927,train
3928,train
3931,train
3932,train
3933,train
3934,train
3935,train
3936,train
3937,train
3938,train
3939,train
3940,train
3941,train
3943,train
3944,train
3947,train
3949,train
3950,train
3951,train
3953,train
3954,train
3955,train
3956,train
3960,train
3961,train
3962,train
3963,train
3964,train
3965,train
3966,train
3968,train
3969,train
3970,train
3971,train
3972,train
3973,train
3974,train
3975,train
3976,train
3980,train
3982,train
3983,train
3984,train
3985,train
3986,train
3987,train
3989,train
3991,train
3992,train
3995,train
3996,train
3997,train
4002,train
4004,train
4006,train
4007,train
4011,train
4016,train
4018,train
4020,train
4022,train
4023,train
4024,train
4026,train
4027,train
4028,train
4029,train
4030,train
4031,train
4032,train
4033,train
4034,train
4035,train
4036,train
4037,train
4039,train
4040,train
4042,train
4045,train
4046,train
4047,train
4049,train
4051,train
4052,train
4053,train
4059,train
4060,train
4061,train
4062,train
4063,train
4064,train
4066,train
4068,train
4070,train
4072,train
4073,train
4074,train
4075,train
4076,train
4081,train
4082,train
4083,train
4086,train
4087,train
4088,train
4089,train
4090,train
4091,train
4094,train
4096,train
4097,train
4098,train
4099,train
4100,train
4102,train
4103,train
4106,train
4108,train
4109,train
4111,train
4112,train
4114,train
4115,train
4116,train
4117,train
4119,train
4122,train
4123,train
4124,train
4125,train
4126,train
4128,train
4132,train
4133,train
4134,train
4136,train
4138,train
4139,train
4142,train
4143,train
4146,train
4147,train
4148,train
4149,train
4150,train
4151,train
4152,train
4153,train
4154,train
4156,train
4157,train
4159,train
4162,train
4164,train
4165,train
4166,train
4168,train
4169,train
4171,train
4173,train
4175,train
4176,train
4177,train
4178,train
4179,train
4180,train
4183,train
4184,train
4188,train
4189,train
4190,train
4193,train
4194,train
4195,train
4196,train
4198,train
4203,train
4204,train
4205,train
4206,train
4207,train
4208,train
4209,train
4210,train
4211,train
4212,train
4214,train
4215,train
4216,train
4217,train
4218,train
4219,train
4220,train
4221,train
4222,train
4224,train
4225,train
4226,train
4227,train
4228,train
4230,train
4231,train
4232,train
4233,train
4235,train
4237,train
4240,train
4241,train
4242,train
4243,train
4244,train
4247,train
4249,train
4250,train
4251,train
4253,train
4254,train
4255,train
4256,train
4257,train
4258,train
4259,train
4262,train
4264,train
4265,train
4266,train
4267,train
4268,train
4269,train
4270,train
4271,train
4272,train
4273,train
4274,train
4275,train
4276,train
4277,train
4278,train
4279,train
4281,train
4283,train
4285,train
4286,train
4288,train
4289,train
4290,train
4293,train
4294,train
4295,train
4296,train
4298,train
4299,train
4302,train
4303,train
4305,train
4306,train
4307,train
4308,train
4309,train
4311,train
4315,train
4317,train
4319,train
4322,train
4323,train
4324,train
4325,train
4328,train
4329,train
4330,train
4331,train
4333,train
4334,train
4335,train
4336,train
4338,train
4339,train
4340,train
4341,train
4342,train
4343,train
4344,train
4345,train
4346,train
4347,train
4350,train
4351,train
4352,train
4355,train
4356,train
4358,train
4359,train
4360,train
4362,train
4363,train
4364,train
4365,train
4366,train
4367,train
4368,train
4369,train
4371,train
4372,train
4374,train
4375,train
4376,train
4377,train
4378,train
4379,train
4380,train
4381,train
4382,train
4383,train
4384,train
4385,train
4386,train
4390,train
4391,train
4396,train
4397,train
4398,train
4399,train
4400,train
4401,train
4402,train
4403,train
4405,train
4407,train
4408,train
4409,train
4410,train
4412,train
4414,train
4416,train
4418,train
4419,train
4420,train
4423,train
4425,train
4428,train
4429,train
4430,train
4432,train
4433,train
4434,train
4435,train
4436,train
4439,train
4440,train
4441,train
4442,train
4443,train
4444,train
4445,train
4446,train
4447,train
4448,train
4449,train
4450,train
4452,train
4453,train
4454,train
4455,train
4456,train
4458,train
4459,train
4460,train
4461,train
4462,train
4463,train
4464,train
4467,train
4468,train
4471,train
4473,train
4474,train
4477,train
4478,train
4479,train
4480,train
4481,train
4482,train
4483,train
4484,train
4485,train
4486,train
4487,train
4488,train
4489,train
4490,train
4491,train
4495,train
4497,train
4498,train
4501,train
4502,train
4503,train
4504,train
4506,train
4507,train
4509,train
4511,train
4512,train
4513,train
4514,train
4515,train
4516,train
4517,train
4520,train
4522,train
4523,train
4524,train
4525,train
4526,train
4527,train
4528,train
4529,train
4531,train
4532,train
4533,train
4534,train
4535,train
4539,train
4540,train
4541,train
4542,train
4543,train
4544,train
4545,train
4546,train
4547,train
4548,train
4549,train
4551,train
4552,train
4553,train
4554,train
4555,train
4556,train
4559,train
4560,train
4561,train
4562,train
4563,train
4564,train
4565,train
4566,train
4569,train
4570,train
4572,train
4573,train
4574,train
4576,train
4577,train
4578,train
4580,train
4583,train
4584,train
4586,train
4589,train
4590,train
4591,train
4594,train
4596,train
4597,train
4598,train
4599,train
4601,train
4602,train
4603,train
4605,train
4606,train
4607,train
4608,train
4609,train
4610,train
4611,train
4612,train
4613,train
4615,train
4616,train
4617,train
4618,train
4619,train
4620,train
4621,train
4622,train
4623,train
4624,train
4625,train
4626,train
4627,train
4628,train
4630,train
4631,train
4632,train
4635,train
4637,train
4640,train
4642,train
4643,train
4645,train
4647,train
4648,train
4649,train
4650,train
4653,train
4654,train
4657,train
4658,train
4659,train
4660,train
4662,train
4663,train
4664,train
4665,train
4667,train
4669,train
4670,train
4671,train
4672,train
4675,train
4676,train
4677,train
4678,train
4679,train
4680,train
4681,train
4683,train
4684,train
4685,train
4687,train
4688,train
4689,train
4690,train
4692,train
4693,train
4694,train
4696,train
4697,train
4699,train
4701,train
4703,train
4705,train
4706,train
4707,train
4708,train
4709,train
4713,train
4714,train
4715,train
4716,train
4717,train
4718,train
4719,train
4721,train
4722,train
4724,train
4725,train
4726,train
4727,train
4728,train
4729,train
4730,train
4731,train
4732,train
4733,train
4734,train
4735,train
4737,train
4738,train
4739,train
4740,train
4741,train
4742,train
4743,train
4746,train
4748,train
4749,train
4750,train
4751,train
4752,train
4753,train
4754,train
4756,train
4757,train
4758,train
4759,train
4761,train
4763,train
4764,train
4765,train
4766,train
4767,train
4768,train
4769,train
4772,train
4773,train
4775,train
4776,train
4779,train
4780,train
4783,train
4784,train
4785,train
4786,train
4787,train
4789,train
4790,train
4791,train
4792,train
4793,train
4794,train
4796,train
4797,train
4798,train
4800,train
4801,train
4802,train
4803,train
4805,train
4806,train
4807,train
4809,train
4810,train
4811,train
4812,train
4813,train
4814,train
4815,train
4817,train
4818,train
4819,train
4821,train
4822,train
4823,train
4824,train
4825,train
4828,train
4829,train
4830,train
4831,train
4832,train
4833,train
4834,train
4835,train
4836,train
4837,train
4838,train
4839,train
4840,train
4841,train
4842,train
4844,train
4845,train
4846,train
4847,train
4848,train
4850,train
4853,train
4854,train
4855,train
4857,train
4858,train
4859,train
4861,train
4862,train
4863,train
4866,train
4867,train
4868,train
4869,train
4873,train
4874,train
4875,train
4877,train
4878,train
4879,train
4881,train
4882,train
4883,train
4887,train
4888,train
4890,train
4892,train
4893,train
4897,train
4900,train
4901,train
4902,train
4903,train
4904,train
4905,train
4906,train
4907,train
4909,train
4910,train
4911,train
4912,train
4914,train
4915,train
4917,train
4918,train
4921,train
4922,train
4923,train
4926,train
4927,train
4928,train
4929,train
4930,train
4933,train
4934,train
4935,train
4936,train
4937,train
4938,train
4939,train
4940,train
4942,train
4943,train
4944,train
4945,train
4946,train
4948,train
4950,train
4951,train
4952,train
4953,train
4954,train
4955,train
4956,train
4957,train
4958,train
4959,train
4960,train
4965,train
4967,train
4968,train
4969,train
4970,train
4973,train
4974,train
4975,train
4976,train
4978,train
4980,train
4982,train
4983,train
4984,train
4985,train
4987,train
4988,train
4989,train
4990,train
4991,train
4992,train
4994,train
4995,train
4996,train
4997,train
4998,train
4999,train
5000,train
5001,train
5003,train
5004,train
5007,train
5010,train
5011,train
5012,train
5013,train
5014,train
5015,train
5016,train
5018,train
5019,train
5020,train
5021,train
5022,train
5024,train
5025,train
5026,train
5027,train
5028,train
5029,train
5030,train
5031,train
5033,train
5034,train
5035,train
5036,train
5037,train
5039,train
5041,train
5042,train
5043,train
5044,train
5048,train
5049,train
5050,train
5052,train
5053,train
5055,train
5057,train
5058,train
5059,train
5060,train
5062,train
5064,train
5065,train
5067,train
5068,train
5069,train
5070,train
5071,train
5072,train
5073,train
5074,train
5075,train
5077,train
5078,train
5079,train
5080,train
5082,train
5083,train
5084,train
5087,train
5088,train
5089,train
5090,train
5091,train
5092,train
5093,train
5095,train
5096,train
5098,train
5100,train
5101,train
5102,train
5105,train
5106,train
5110,train
5112,train
5113,train
5114,train
5115,train
5116,train
5117,train
5119,train
5120,train
5122,train
5123,train
5125,train
5126,train
5127,train
5128,train
5129,train
5130,train
5131,train
5133,train
5134,train
5135,train
5136,train
5137,train
5138,train
5139,train
5140,train
5141,train
5142,train
5143,train
5145,train
5146,train
5147,train
5148,train
5149,train
5150,train
5153,train
5155,train
5156,train
5157,train
5158,train
5162,train
5163,train
5166,train
5168,train
5170,train
5171,train
5172,train
5173,train
5175,train
5176,train
5177,train
5181,train
5183,train
5184,train
5186,train
5188,train
5189,train
5190,train
5196,train
5197,train
5198,train
5199,train
5201,train
5202,train
5203,train
5207,train
5208,train
5210,train
5211,train
5212,train
5213,train
5214,train
5215,train
5216,train
5220,train
5221,train
5222,train
5223,train
5224,train
5225,train
5226,train
5227,train
5230,train
5231,train
5232,train
5233,train
5234,train
5237,train
5238,train
5240,train
5242,train
5243,train
5245,train
5247,train
5248,train
5249,train
5251,train
5252,train
5254,train
5255,train
5256,train
5258,train
5262,train
5264,train
5265,train
5266,train
5268,train
5269,train
5270,train
5271,train
5272,train
5273,train
5274,train
5275,train
5276,train
5277,train
5278,train
5280,train
5281,train
5285,train
5286,train
5289,train
5291,train
5292,train
5293,train
5294,train
5295,train
5296,train
5297,train
5299,train
5300,train
5303,train
5305,train
5306,train
5307,train
5309,train
5310,train
5312,train
5313,train
5314,train
5315,train
5319,train
5321,train
5322,train
5323,train
5324,train
5325,train
5326,train
5328,train
5329,train
5330,train
5331,train
5333,train
5334,train
5335,train
5336,train
5337,train
5338,train
5339,train
5340,train
5341,train
5342,train
5343,train
5346,train
5347,train
5348,train
5350,train
5351,train
5354,train
5355,train
5356,train
5357,train
5358,train
5361,train
5362,train
5363,train
5364,train
5365,train
5366,train
5369,train
5370,train
5372,train
5373,train
5375,train
5379,train
5380,train
5381,train
5382,train
5383,train
5385,train
5386,train
5387,train
5388,train
5390,train
5394,train
5395,train
5397,train
5399,train
5400,train
5401,train
5402,train
5403,train
5405,train
5407,train
5408,train
5409,train
5410,train
5411,train
5412,train
5413,train
5414,train
5416,train
5417,train
5419,train
5420,train
5421,train
5422,train
5424,train
5425,train
5427,train
5430,train
5431,train
5432,train
5433,train
5434,train
5435,train
5436,train
5437,train
5438,train
5439,train
5443,train
5444,train
5445,train
5446,train
5447,train
5448,train
5449,train
5450,train
5451,train
5452,train
5453,train
5454,train
5455,train
5456,train
5457,train
5458,train
5459,train
5464,train
5466,train
5468,train
5469,train
5471,train
5473,train
5475,train
5476,train
5477,train
5478,train
5479,train
5481,train
5482,train
5483,train
5484,train
5486,train
5487,train
5488,train
5490,train
5494,train
5495,train
5496,train
5497,train
5498,train
5499,train
5501,train
5502,train
5503,train
5504,train
5507,train
5508,train
5509,train
5510,train
5511,train
5512,train
5514,train
5515,train
5516,train
5517,train
5519,train
5520,train
5522,train
5523,train
5525,train
5526,train
5528,train
5529,train
5530,train
5531,train
5532,train
5533,train
5535,train
5536,train
5537,train
5539,train
5540,train
5541,train
5544,train
5546,train
5547,train
5548,train
5549,train
5550,train
5551,train
5552,train
5554,train
5555,train
5558,train
5560,train
5562,train
5563,train
5564,train
5566,train
5567,train
5568,train
5569,train
5570,train
5571,train
5573,train
5574,train
5161,test
345,test
1265,test
5393,test
1006,test
1566,test
2997,test
3450,test
662,test
5545,test
1117,test
4050,test
1843,test
4568,test
5257,test
4009,test
491,test
1959,test
2548,test
3220,test
4872,test
1679,test
5565,test
1630,test
1494,test
1182,test
3594,test
1790,test
2881,test
616,test
704,test
1507,test
2725,test
3566,test
1045,test
1816,test
3446,test
3795,test
78,test
5187,test
4186,test
4636,test
1229,test
4110,test
3648,test
1403,test
4406,test
4056,test
2638,test
3268,test
4947,test
3994,test
41,test
744,test
2486,test
2457,test
2905,test
3869,test
4014,test
856,test
4058,test
1608,test
5440,test
4762,test
5263,test
892,test
2774,test
1337,test
4595,test
4327,test
922,test
4470,test
1255,test
3897,test
888,test
2087,test
5290,test
3856,test
1340,test
2259,test
5040,test
2276,test
4475,test
4536,test
2857,test
683,test
1956,test
557,test
4287,test
5159,test
4962,test
5423,test
3876,test
1650,test
225,test
4421,test
417,test
4682,test
1184,test
3628,test
1257,test
1515,test
5151,test
4908,test
1723,test
232,test
3772,test
139,test
3577,test
4057,test
406,test
338,test
374,test
4085,test
724,test
2,test
3804,test
81,test
921,test
2547,test
2932,test
4782,test
1953,test
222,test
4465,test
4191,test
2102,test
567,test
2667,test
1437,test
5352,test
4581,test
1632,test
5246,test
3903,test
1137,test
1775,test
429,test
5006,test
3524,test
2294,test
3000,test
2117,test
4492,test
2544,test
3400,test
1271,test
299,test
1085,test
4213,test
2995,test
2089,test
5063,test
2807,test
3180,test
5489,test
3049,test
4894,test
5534,test
5332,test
5404,test
5066,test
1952,test
1496,test
4851,test
4843,test
708,test
4788,test
1465,test
3741,test
244,test
3568,test
1233,test
576,test
642,test
2086,test
1318,test
2845,test
4981,test
4698,test
5284,test
1980,test
2766,test
4600,test
3887,test
1743,test
3839,test
945,test
1322,test
190,test
895,test
3514,test
1441,test
5298,test
884,test
2674,test
5086,test
183,test
5524,test
4079,test
4795,test
2949,test
439,test
2630,test
1037,test
5396,test
2748,test
1071,test
4972,test
3008,test
2094,test
1763,test
799,test
2929,test
972,test
3260,test
2215,test
3878,test
2211,test
1531,test
4871,test
3920,test
5195,test
31,test
842,test
5045,test
404,test
4161,test
3116,test
4292,test
1703,test
1847,test
2980,test
1447,test
3245,test
2714,test
1623,test
1647,test
2504,test
4711,test
2216,test
1028,test
3376,test
4388,test
1564,test
4494,test
1075,test
2636,test
3926,test
1220,test
4263,test
692,test
4614,test
1855,test
5418,test
4537,test
4284,test
1030,test
209,test
3147,test
436,test
1295,test
4723,test
1316,test
2577,test
1145,test
435,test
3096,test
3978,test
4427,test
4472,test
5103,test
5169,test
351,test
2105,test
1356,test
2571,test
4304,test
2602,test
1911,test
4310,test
3519,test
5359,test
927,test
132,test
394,test
2782,test
2663,test
4140,test
1815,test
822,test
2933,test
207,test
3212,test
5182,test
4826,test
1097,test
2686,test
4496,test
937,test
4852,test
2856,test
3279,test
407,test
3476,test
648,test
4121,test
4856,test
3122,test
249,test
719,test
4404,test
2950,test
420,test
1063,test
3083,test
3740,test
4712,test
5085,test
3860,test
5279,test
2956,test
3188,test
1112,test
3253,test
3879,test
1584,test
3295,test
2441,test
3998,test
2351,test
5180,test
152,test
3181,test
2383,test
3930,test
186,test
2611,test
5429,test
3554,test
3748,test
1282,test
1289,test
1631,test
4313,test
3601,test
4916,test
3241,test
696,test
780,test
3654,test
111,test
4354,test
302,test
257,test
2020,test
4248,test
2860,test
235,test
5374,test
1179,test
1557,test
1673,test
254,test
4884,test
4337,test
3946,test
4332,test
5559,test
741,test
2385,test
3054,test
354,test
5200,test
298,test
4019,test
2209,test
3412,test
1910,test
1235,test
3123,test
3511,test
717,test
389,test
1100,test
2985,test
5327,test
5241,test
570,test
5236,test
3228,test
5553,test
3521,test
3760,test
1822,test
934,test
3942,test
4521,test
914,test
1108,test
1102,test
689,test
4633,test
2123,test
3959,test
3532,test
3227,test
1042,test
5505,test
4876,test
2204,test
3850,test
1528,test
779,test
1834,test
1972,test
2320,test
536,test
4820,test
4510,test
2144,test
5442,test
4691,test
4044,test
1360,test
3145,test
3605,test
1824,test
3238,test
4321,test
3382,test
196,test
868,test
1225,test
4054,test
3859,test
3716,test
1026,test
605,test
220,test
5415,test
4604,test
4424,test
4025,test
2202,test
2427,test
1948,test
2229,test
2614,test
2182,test
108,test
2469,test
1168,test
1076,test
3929,test
1602,test
2870,test
3017,test
3657,test
2906,test
3700,test
2195,test
643,test
3341,test
3801,test
5316,test
5557,test
3724,test
4065,test
925,test
5302,test
5259,test
52,test
1645,test
1161,test
5376,test
4144,test
2715,test
1807,test
4158,test
765,test
4370,test
626,test
4182,test
3848,test
872,test
3981,test
2833,test
3908,test
935,test
5152,test
5008,test
4571,test
2360,test
2551,test
2616,test
5002,test
5081,test
142,test
2941,test
784,test
4131,test
3672,test
1801,test
4389,test
98,test
638,test
137,test
2724,test
309,test
3891,test
893,test
2157,test
760,test
4508,test
3815,test
5164,test
4641,test
2595,test
3021,test
1729,test
1677,test
5344,test
1976,test
4770,test
666,test
5391,test
5009,test
126,test
4638,test
4668,test
2593,test
3583,test
1380,test
4008,test
5311,test
3952,test
4246,test
301,test
3285,test
1620,test
1148,test
3358,test
341,test
3553,test
4895,test
4291,test
5506,test
1657,test
95,test
1580,test
4080,test
1330,test
1025,test
379,test
1573,test
223,test
759,test
1784,test
1788,test
2424,test
2840,test
2707,test
1538,test
3340,test
11,test
2325,test
1200,test
3821,test
2623,test
198,test
647,test
2473,test
5467,test
1370,test
3239,test
5521,test
688,test
1105,test
5518,test
1973,test
4530,test
1977,test
4920,test
1020,test
2634,test
3541,test
4071,test
3031,test
997,test
3508,test
1412,test
632,test
4925,test
2133,test
3458,test
2487,test
2804,test
3225,test
4120,test
3125,test
3462,test
641,test
2030,test
3957,test
4808,test
5301,test
5,test
1706,test
4239,test
1033,test
3257,test
5109,test
1159,test
796,test
1156,test
3287,test
4666,test
178,test
2449,test
418,test
2426,test
1516,test
1385,test
4280,test
2532,test
3990,test
4137,test
3217,test
2377,test
4252,test
4977,test
1478,test
1059,test
3056,test
473,test
4704,test
1649,test
381,test
2755,test
4582,test
1733,test
4655,test
3202,test
5023,test
1883,test
1643,test
5154,test
4010,test
2801,test
5283,test
4187,test
4101,test
2442,test
4426,test
546,test
5099,test
4229,test
653,test
2378,test
2918,test
2132,test
512,test
460,test
1745,test
356,test
953,test
4673,test
5205,test
2921,test
2342,test
3633,test
4971,test
4001,test
3055,test
1663,test
1609,test
5572,test
5104,test
1139,test
2173,test
3766,test
5462,test
3138,test
2374,test
4038,test
3226,test
3780,test
4941,test
865,test
4320,test
1024,test
2104,test
603,test
4095,test
511,test
2239,test
1144,test
61,test
2395,test
4181,test
3306,test
1690,test
3387,test
1686,test
1901,test
538,test
4710,test
385,test
969,test
3782,test
4431,test
837,test
19,test
4172,test
1541,test
2406,test
1546,test
330,test
314,test
3441,test
2139,test
513,test
1569,test
3683,test
5353,test
3214,test
1526,test
549,test
2683,test
3538,test
312,test
1944,test
4993,test
5261,test
242,test
924,test
3791,test
4107,test
4913,test
2093,test
3977,test
1288,test
3185,test
2339,test
4055,test
2829,test
4417,test
40,test
863,test
2821,test
2052,test
5046,test
1826,test
1628,test
5054,test
3708,test
1556,test
1695,test
1455,test
199,test
2555,test
3247,test
3948,test
568,test
1371,test
5160,test
2393,test
5441,test
727,test
3418,test
889,test
5398,test
2400,test
3958,test
396,test
2490,test
1095,test
5165,test
4314,test
3399,test
1342,test
2902,test
2959,test
2660,test
2129,test
5017,test
5320,test
1363,test
3663,test
2732,test
1922,test
2754,test
2512,test
5308,test
1992,test
1588,test
1741,test
2516,test
2842,test
3289,test
4160,test
3374,test
2954,test
4493,test
2435,test
463,test
1128,test
635,test
4558,test
2934,test
3867,test
4318,test
5097,test
1998,test
4771,test
14,test
5406,test
4394,test
2883,test
48,test
285,test
5492,test
195,test
3109,test
4067,test
2429,test
2295,test
5124,test
1103,test
690,test
72,test
347,test
89,test
4413,test
4778,test
2923,test
1721,test
3274,test
3843,test
819,test
3309,test
77,test
272,test
4348,test
1504,test
1027,test
2488,test
1178,test
4127,test
4827,test
1154,test
4093,test
566,test
2466,test
2495,test
2201,test
1933,test
1221,test
993,test
687,test
2939,test
4519,test
4361,test
855,test
2168,test
693,test
1244,test
3066,test
4652,test
1825,test
2759,test
2539,test
3211,test
4781,test
3119,test
2704,test
1523,test
3735,test
1667,test
5121,test
1019,test
4886,test
1469,test
3131,test
4898,test
1175,test
2740,test
3909,test
2241,test
304,test
3715,test
4316,test
4961,test
3121,test
2680,test
3390,test
4003,test
2797,test
3086,test
507,test
2200,test
1286,test
1166,test
4000,test
1208,test
456,test
4575,test
4069,test
5118,test
4411,test
790,test
4864,test
2898,test
5005,test
2831,test
3779,test
1070,test
1849,test
3865,test
1746,test
1415,test
2134,test
5465,test
5371,test
2664,test
4799,test
1275,test
1130,test
165,test
2621,test
3999,test
3802,test
1049,test
1719,test
2955,test
4201,test
612,test
251,test
2071,test
2851,test
1503,test
3863,test
4476,test
3588,test
94,test
1614,test
421,test
5193,test
1073,test
4579,test
265,test
1641,test
5384,test
2114,test
5367,test
1092,test
2549,test
5253,test
3820,test
565,test
4017,test
10,test
673,test
4932,test
5192,test
4145,test
115,test
631,test
4500,test
425,test
2080,test
3632,test
3549,test
592,test
320,test
911,test
3699,test
166,test
2643,test
4092,test
825,test
2298,test
4395,test
3561,test
2497,test
4167,test
630,test
4986,test
5485,test
3303,test
3267,test
4048,test
3565,test
1270,test
4644,test
4966,test
739,test
4387,test
1195,test
2314,test
3569,test
1074,test
814,test
2775,test
4113,test
310,test
1206,test
3886,test
762,test
4674,test
2190,test
2101,test
2248,test
2004,test
1197,test
4755,test
649,test
4135,test
1778,test
4587,test
160,test
1742,test
2065,test
4021,test
5345,test
4437,test
4078,test
506,test
1522,test
5061,test
3193,test
13,test
359,test
5543,test
